# Wavelength_nm	Reflectance
4.000000000000000000e+02	1.975989927890954567e-02
4.010000000000000000e+02	1.976309035712182569e-02
4.020000000000000000e+02	1.976606328832828871e-02
4.030000000000000000e+02	1.976926937516256672e-02
4.040000000000000000e+02	1.977206600380503401e-02
4.050000000000000000e+02	1.977534571925019038e-02
4.060000000000000000e+02	1.973909648007085571e-02
4.070000000000000000e+02	1.970282387817188369e-02
4.080000000000000000e+02	1.967223192146692196e-02
4.090000000000000000e+02	1.963575633692059633e-02
4.100000000000000000e+02	1.959931276669354960e-02
4.110000000000000000e+02	1.957403575285928191e-02
4.120000000000000000e+02	1.954866382534510214e-02
4.130000000000000000e+02	1.951793999254150883e-02
4.140000000000000000e+02	1.949294935314592123e-02
4.150000000000000000e+02	1.946781954838373851e-02
4.160000000000000000e+02	1.944291970192115609e-02
4.170000000000000000e+02	1.942357849702178174e-02
4.180000000000000000e+02	1.939855922539100025e-02
4.190000000000000000e+02	1.937836250495082041e-02
4.200000000000000000e+02	1.935288806812220444e-02
4.210000000000000000e+02	1.933775632019583274e-02
4.220000000000000000e+02	1.932203717430700310e-02
4.230000000000000000e+02	1.930054636803008039e-02
4.240000000000000000e+02	1.928506148231113465e-02
4.250000000000000000e+02	1.926998627188309179e-02
4.260000000000000000e+02	1.925512308798528124e-02
4.270000000000000000e+02	1.923978311262094371e-02
4.280000000000000000e+02	1.922985280513116527e-02
4.290000000000000000e+02	1.921476922696883569e-02
4.300000000000000000e+02	1.919895432232214191e-02
4.310000000000000000e+02	1.918923770825849834e-02
4.320000000000000000e+02	1.917393640246692690e-02
4.330000000000000000e+02	1.916447966855100091e-02
4.340000000000000000e+02	1.914948630216770087e-02
4.350000000000000000e+02	1.914016277097406807e-02
4.360000000000000000e+02	1.913080410739476100e-02
4.370000000000000000e+02	1.912113849179170044e-02
4.380000000000000000e+02	1.911193320727978123e-02
4.390000000000000000e+02	1.910292614986027274e-02
4.400000000000000000e+02	1.909418867905648964e-02
4.410000000000000000e+02	1.908217098360577568e-02
4.420000000000000000e+02	1.907060979235230061e-02
4.430000000000000000e+02	1.906480484445282134e-02
4.440000000000000000e+02	1.905375409316440241e-02
4.450000000000000000e+02	1.904283754342012136e-02
4.460000000000000000e+02	1.903891756482167449e-02
4.470000000000000000e+02	1.903483932475257337e-02
4.480000000000000000e+02	1.902724605747238562e-02
4.490000000000000000e+02	1.902644987485980002e-02
4.500000000000000000e+02	1.902665382820954709e-02
4.510000000000000000e+02	1.902909034271513256e-02
4.520000000000000000e+02	1.903353216971246514e-02
4.530000000000000000e+02	1.903871679316414614e-02
4.540000000000000000e+02	1.904493641353648820e-02
4.550000000000000000e+02	1.905225016647775840e-02
4.560000000000000000e+02	1.906007484948294209e-02
4.570000000000000000e+02	1.907526946447056504e-02
4.580000000000000000e+02	1.908434113944413452e-02
4.590000000000000000e+02	1.909919154537709218e-02
4.600000000000000000e+02	1.910708689497522816e-02
4.610000000000000000e+02	1.911532346961721321e-02
4.620000000000000000e+02	1.912702781118702164e-02
4.630000000000000000e+02	1.913264305974262877e-02
4.640000000000000000e+02	1.914434156343073484e-02
4.650000000000000000e+02	1.915216650069529597e-02
4.660000000000000000e+02	1.916428203045524026e-02
4.670000000000000000e+02	1.917563703619417151e-02
4.680000000000000000e+02	1.917980354986422234e-02
4.690000000000000000e+02	1.919048024526109203e-02
4.700000000000000000e+02	1.920003369545443192e-02
4.710000000000000000e+02	1.920740201801503580e-02
4.720000000000000000e+02	1.920899064283337551e-02
4.730000000000000000e+02	1.921562315437217242e-02
4.740000000000000000e+02	1.921611398071801022e-02
4.750000000000000000e+02	1.922231610644685104e-02
4.760000000000000000e+02	1.922779589256197810e-02
4.770000000000000000e+02	1.923608445936476549e-02
4.780000000000000000e+02	1.923853651707755144e-02
4.790000000000000000e+02	1.924722418974642024e-02
4.800000000000000000e+02	1.925704972556617836e-02
4.810000000000000000e+02	1.927211271407325288e-02
4.820000000000000000e+02	1.928486051802726781e-02
4.830000000000000000e+02	1.930551692256379098e-02
4.840000000000000000e+02	1.932671424880350042e-02
4.850000000000000000e+02	1.935829085575671918e-02
4.860000000000000000e+02	1.939650111952615288e-02
4.870000000000000000e+02	1.943705236908032166e-02
4.880000000000000000e+02	1.949133128500716086e-02
4.890000000000000000e+02	1.955104711216635455e-02
4.900000000000000000e+02	1.962450418946802555e-02
4.910000000000000000e+02	1.970998479899488051e-02
4.920000000000000000e+02	1.980223772306857408e-02
4.930000000000000000e+02	1.991537316069960650e-02
4.940000000000000000e+02	2.003623204380194228e-02
4.950000000000000000e+02	2.017973064758966928e-02
4.960000000000000000e+02	2.033629516255676395e-02
4.970000000000000000e+02	2.051517932343443346e-02
4.980000000000000000e+02	2.072420886632410711e-02
4.990000000000000000e+02	2.095127334704034033e-02
5.000000000000000000e+02	2.120802630713518669e-02
5.010000000000000000e+02	2.149656560465122712e-02
5.020000000000000000e+02	2.181605939500831648e-02
5.030000000000000000e+02	2.217873176876843447e-02
5.040000000000000000e+02	2.257323414168950146e-02
5.050000000000000000e+02	2.301029450671101748e-02
5.060000000000000000e+02	2.349271011477403748e-02
5.070000000000000000e+02	2.402179289510383842e-02
5.080000000000000000e+02	2.460037462791393043e-02
5.090000000000000000e+02	2.523102603542812586e-02
5.100000000000000000e+02	2.591622811625564002e-02
5.110000000000000000e+02	2.666181693706623848e-02
5.120000000000000000e+02	2.746326483358496606e-02
5.130000000000000000e+02	2.833236642479490530e-02
5.140000000000000000e+02	2.925667130665359980e-02
5.150000000000000000e+02	3.024040911828840966e-02
5.160000000000000000e+02	3.127058933852383538e-02
5.170000000000000000e+02	3.235122046670248219e-02
5.180000000000000000e+02	3.346366853218991216e-02
5.190000000000000000e+02	3.461294006851962229e-02
5.200000000000000000e+02	3.577704200794164235e-02
5.210000000000000000e+02	3.695492846943138759e-02
5.220000000000000000e+02	3.813601019646041534e-02
5.230000000000000000e+02	3.931166610659512367e-02
5.240000000000000000e+02	4.044729995237505288e-02
5.250000000000000000e+02	4.154332178039785856e-02
5.260000000000000000e+02	4.258681667626845052e-02
5.270000000000000000e+02	4.357199458377152002e-02
5.280000000000000000e+02	4.448587727078404802e-02
5.290000000000000000e+02	4.533696817569306259e-02
5.300000000000000000e+02	4.611817480535888858e-02
5.310000000000000000e+02	4.684676057411984312e-02
5.320000000000000000e+02	4.750551650979182444e-02
5.330000000000000000e+02	4.808634872085580658e-02
5.340000000000000000e+02	4.860721227598762545e-02
5.350000000000000000e+02	4.906777999434155935e-02
5.360000000000000000e+02	4.946931193586942554e-02
5.370000000000000000e+02	4.981706093021059933e-02
5.380000000000000000e+02	5.013360094138072376e-02
5.390000000000000000e+02	5.040300280579529391e-02
5.400000000000000000e+02	5.064450235166952086e-02
5.410000000000000000e+02	5.085836063093743253e-02
5.420000000000000000e+02	5.104256273085293338e-02
5.430000000000000000e+02	5.122714048401714321e-02
5.440000000000000000e+02	5.140326658132734344e-02
5.450000000000000000e+02	5.159550208755533940e-02
5.460000000000000000e+02	5.178712519311425011e-02
5.470000000000000000e+02	5.198658295114014227e-02
5.480000000000000000e+02	5.217407355323656210e-02
5.490000000000000000e+02	5.236600767439367199e-02
5.500000000000000000e+02	5.253316270380267022e-02
5.510000000000000000e+02	5.267146863186696754e-02
5.520000000000000000e+02	5.278315980571508803e-02
5.530000000000000000e+02	5.284947871485341092e-02
5.540000000000000000e+02	5.287667748492407699e-02
5.550000000000000000e+02	5.284249250939818121e-02
5.560000000000000000e+02	5.274882569355234668e-02
5.570000000000000000e+02	5.260478926800304933e-02
5.580000000000000000e+02	5.239751163819972302e-02
5.590000000000000000e+02	5.213550758012101133e-02
5.600000000000000000e+02	5.182143662715638782e-02
5.610000000000000000e+02	5.147556496109349095e-02
5.620000000000000000e+02	5.107736609494398228e-02
5.630000000000000000e+02	5.063354516447574061e-02
5.640000000000000000e+02	5.013521386521235107e-02
5.650000000000000000e+02	4.959203377339515412e-02
5.660000000000000000e+02	4.900452846859547351e-02
5.670000000000000000e+02	4.837254493921068488e-02
5.680000000000000000e+02	4.770807595368806164e-02
5.690000000000000000e+02	4.700631275751369909e-02
5.700000000000000000e+02	4.629159728304048371e-02
5.710000000000000000e+02	4.557096513271872290e-02
5.720000000000000000e+02	4.485405286520827151e-02
5.730000000000000000e+02	4.415981124069357638e-02
5.740000000000000000e+02	4.349011568042142339e-02
5.750000000000000000e+02	4.284518741141951637e-02
5.760000000000000000e+02	4.224019241520299978e-02
5.770000000000000000e+02	4.167031807176108105e-02
5.780000000000000000e+02	4.114298606783257234e-02
5.790000000000000000e+02	4.064266710862354109e-02
5.800000000000000000e+02	4.017185323113520862e-02
5.810000000000000000e+02	3.972971075877990837e-02
5.820000000000000000e+02	3.931048623082101373e-02
5.830000000000000000e+02	3.892317751633947442e-02
5.840000000000000000e+02	3.854996250965377069e-02
5.850000000000000000e+02	3.820150738035751198e-02
5.860000000000000000e+02	3.788645270785859914e-02
5.870000000000000000e+02	3.758111670731438536e-02
5.880000000000000000e+02	3.730422716487365176e-02
5.890000000000000000e+02	3.704373807792352841e-02
5.900000000000000000e+02	3.681729470136632654e-02
5.910000000000000000e+02	3.660444822904871526e-02
5.920000000000000000e+02	3.641298747994473062e-02
5.930000000000000000e+02	3.624156443476919676e-02
5.940000000000000000e+02	3.608887636704769669e-02
5.950000000000000000e+02	3.595400004929946713e-02
5.960000000000000000e+02	3.582426233207450239e-02
5.970000000000000000e+02	3.569694671067270841e-02
5.980000000000000000e+02	3.557810155844066263e-02
5.990000000000000000e+02	3.545008607787137472e-02
6.000000000000000000e+02	3.530647522669612404e-02
6.010000000000000000e+02	3.514378799121710417e-02
6.020000000000000000e+02	3.496210214401612726e-02
6.030000000000000000e+02	3.476457084949031301e-02
6.040000000000000000e+02	3.453231015893503536e-02
6.050000000000000000e+02	3.427233284667920155e-02
6.060000000000000000e+02	3.399110219901618074e-02
6.070000000000000000e+02	3.367243900039426641e-02
6.080000000000000000e+02	3.333929568177175506e-02
6.090000000000000000e+02	3.298071701189767696e-02
6.100000000000000000e+02	3.261965399733629534e-02
6.110000000000000000e+02	3.225672538751520046e-02
6.120000000000000000e+02	3.188024530444780874e-02
6.130000000000000000e+02	3.150191397595362292e-02
6.140000000000000000e+02	3.112273531569218279e-02
6.150000000000000000e+02	3.076358817792705994e-02
6.160000000000000000e+02	3.041899387356998552e-02
6.170000000000000000e+02	3.008732451097390417e-02
6.180000000000000000e+02	2.977409052401107717e-02
6.190000000000000000e+02	2.949836143497263849e-02
6.200000000000000000e+02	2.925690872141830171e-02
6.210000000000000000e+02	2.903661000234369904e-02
6.220000000000000000e+02	2.885019336548625551e-02
6.230000000000000000e+02	2.868998127841210569e-02
6.240000000000000000e+02	2.855324535063769736e-02
6.250000000000000000e+02	2.844241517095773969e-02
6.260000000000000000e+02	2.835133559241198239e-02
6.270000000000000000e+02	2.829003342156887618e-02
6.280000000000000000e+02	2.823394261600643482e-02
6.290000000000000000e+02	2.818892400424618389e-02
6.300000000000000000e+02	2.813168138922381156e-02
6.310000000000000000e+02	2.806805151924494229e-02
6.320000000000000000e+02	2.797584658063952123e-02
6.330000000000000000e+02	2.785275256405983849e-02
6.340000000000000000e+02	2.768647501590100479e-02
6.350000000000000000e+02	2.748045819272956422e-02
6.360000000000000000e+02	2.722971756411439112e-02
6.370000000000000000e+02	2.692329389878660162e-02
6.380000000000000000e+02	2.658301488308548524e-02
6.390000000000000000e+02	2.620058003880830141e-02
6.400000000000000000e+02	2.579775945130264106e-02
6.410000000000000000e+02	2.537313466671730494e-02
6.420000000000000000e+02	2.494052818329831056e-02
6.430000000000000000e+02	2.450913533419099566e-02
6.440000000000000000e+02	2.408338411437271204e-02
6.450000000000000000e+02	2.366784363393652918e-02
6.460000000000000000e+02	2.327842580411538381e-02
6.470000000000000000e+02	2.292572204252083315e-02
6.480000000000000000e+02	2.259911380597180372e-02
6.490000000000000000e+02	2.232429303065101497e-02
6.500000000000000000e+02	2.207565726634794570e-02
6.510000000000000000e+02	2.187039581856130982e-02
6.520000000000000000e+02	2.167803244993020406e-02
6.530000000000000000e+02	2.150114569030219316e-02
6.540000000000000000e+02	2.131780292297067239e-02
6.550000000000000000e+02	2.112642071669940114e-02
6.560000000000000000e+02	2.091872777908616865e-02
6.570000000000000000e+02	2.068914663668696904e-02
6.580000000000000000e+02	2.044074139274892551e-02
6.590000000000000000e+02	2.017513357771113722e-02
6.600000000000000000e+02	1.990087627441953361e-02
6.610000000000000000e+02	1.961815859921961502e-02
6.620000000000000000e+02	1.934871322510910152e-02
6.630000000000000000e+02	1.908731704740157173e-02
6.640000000000000000e+02	1.885372861724028334e-02
6.650000000000000000e+02	1.864116196315690824e-02
6.660000000000000000e+02	1.844828612957364819e-02
6.670000000000000000e+02	1.829704119380000035e-02
6.680000000000000000e+02	1.816320657945200839e-02
6.690000000000000000e+02	1.806189953154792652e-02
6.700000000000000000e+02	1.797150579689119412e-02
6.710000000000000000e+02	1.790899433610759067e-02
6.720000000000000000e+02	1.785279428653851336e-02
6.730000000000000000e+02	1.781677744956936330e-02
6.740000000000000000e+02	1.778227049556031780e-02
6.750000000000000000e+02	1.776676133179568712e-02
6.760000000000000000e+02	1.775128435916538752e-02
6.770000000000000000e+02	1.775308393534211909e-02
6.780000000000000000e+02	1.776766266993968710e-02
6.790000000000000000e+02	1.780416830152801999e-02
6.800000000000000000e+02	1.785697846492735955e-02
6.810000000000000000e+02	1.796715879165669896e-02
6.820000000000000000e+02	1.811897806416483056e-02
6.830000000000000000e+02	1.835785056369376722e-02
6.840000000000000000e+02	1.868147541599999434e-02
6.850000000000000000e+02	1.915603228019253576e-02
6.860000000000000000e+02	1.977497139538946652e-02
6.870000000000000000e+02	2.060532620633680201e-02
6.880000000000000000e+02	2.167774363980561059e-02
6.890000000000000000e+02	2.305564276560687423e-02
6.900000000000000000e+02	2.476754038238155459e-02
6.910000000000000000e+02	2.685076546841476050e-02
6.920000000000000000e+02	2.935214637558503439e-02
6.930000000000000000e+02	3.230499182216505644e-02
6.940000000000000000e+02	3.571215328017886964e-02
6.950000000000000000e+02	3.951432414339446642e-02
6.960000000000000000e+02	4.376734665588996598e-02
6.970000000000000000e+02	4.840028435119052980e-02
6.980000000000000000e+02	5.343220039416538697e-02
6.990000000000000000e+02	5.873242117840258431e-02
7.000000000000000000e+02	6.432829349310170697e-02
7.010000000000000000e+02	7.011787084622107813e-02
7.020000000000000000e+02	7.606985059563171891e-02
7.030000000000000000e+02	8.211559742908475235e-02
7.040000000000000000e+02	8.824885983739992612e-02
7.050000000000000000e+02	9.440477403864878936e-02
7.060000000000000000e+02	1.005991655701025250e-01
7.070000000000000000e+02	1.068057682847919077e-01
7.080000000000000000e+02	1.130442231487238658e-01
7.090000000000000000e+02	1.193368308905849579e-01
7.100000000000000000e+02	1.256654496959726530e-01
7.110000000000000000e+02	1.320153926772358044e-01
7.120000000000000000e+02	1.384214274346260432e-01
7.130000000000000000e+02	1.448841645987427040e-01
7.140000000000000000e+02	1.514266064978359860e-01
7.150000000000000000e+02	1.580027300878691643e-01
7.160000000000000000e+02	1.646540352850693611e-01
7.170000000000000000e+02	1.713440967766317047e-01
7.180000000000000000e+02	1.780415803709388678e-01
7.190000000000000000e+02	1.848003465996559125e-01
7.200000000000000000e+02	1.915789728667500191e-01
7.210000000000000000e+02	1.983657954376735755e-01
7.220000000000000000e+02	2.051370991028932944e-01
7.230000000000000000e+02	2.118867969265075257e-01
7.240000000000000000e+02	2.185997448400581467e-01
7.250000000000000000e+02	2.252556340656641509e-01
7.260000000000000000e+02	2.318582785486923425e-01
7.270000000000000000e+02	2.383434546360722328e-01
7.280000000000000000e+02	2.447467416681401442e-01
7.290000000000000000e+02	2.510370311164439316e-01
7.300000000000000000e+02	2.571817732780236621e-01
7.310000000000000000e+02	2.631238361192234643e-01
7.320000000000000000e+02	2.689520812758893764e-01
7.330000000000000000e+02	2.746221347803283197e-01
7.340000000000000000e+02	2.800629566486944610e-01
7.350000000000000000e+02	2.852799985742529021e-01
7.360000000000000000e+02	2.903315543957609157e-01
7.370000000000000000e+02	2.951538862047668466e-01
7.380000000000000000e+02	2.997751957054279881e-01
7.390000000000000000e+02	3.042251944667750396e-01
7.400000000000000000e+02	3.084313338216722600e-01
7.410000000000000000e+02	3.123162940776523788e-01
7.420000000000000000e+02	3.160276337991638762e-01
7.430000000000000000e+02	3.195094187726826296e-01
7.440000000000000000e+02	3.228026286299050529e-01
7.450000000000000000e+02	3.258768974605859570e-01
7.460000000000000000e+02	3.287606658301531759e-01
7.470000000000000000e+02	3.314348267656772595e-01
7.480000000000000000e+02	3.339175360328025532e-01
7.490000000000000000e+02	3.362259410094556866e-01
7.500000000000000000e+02	3.383384327205325448e-01
7.510000000000000000e+02	3.404040674498611252e-01
7.520000000000000000e+02	3.424881313163470331e-01
7.530000000000000000e+02	3.445923474867255698e-01
7.540000000000000000e+02	3.466936248678630927e-01
7.550000000000000000e+02	3.488165079405662894e-01
7.560000000000000000e+02	3.509431794045508313e-01
7.570000000000000000e+02	3.530706292359582776e-01
7.580000000000000000e+02	3.551991583478782966e-01
7.590000000000000000e+02	3.573145678344222254e-01
7.600000000000000000e+02	3.594158293334029919e-01
7.610000000000000000e+02	3.614347039312350018e-01
7.620000000000000000e+02	3.634336002617903905e-01
7.630000000000000000e+02	3.654060931898692188e-01
7.640000000000000000e+02	3.673468956163864485e-01
7.650000000000000000e+02	3.692446340498422019e-01
7.660000000000000000e+02	3.710920949675294289e-01
7.670000000000000000e+02	3.728929087443335066e-01
7.680000000000000000e+02	3.746346091654150778e-01
7.690000000000000000e+02	3.763244709699530288e-01
7.700000000000000000e+02	3.779404597839053359e-01
7.710000000000000000e+02	3.795112112704953633e-01
7.720000000000000000e+02	3.810160768545891585e-01
7.730000000000000000e+02	3.824352849334347049e-01
7.740000000000000000e+02	3.837691629727312814e-01
7.750000000000000000e+02	3.850026009799565330e-01
7.760000000000000000e+02	3.861740639832226263e-01
7.770000000000000000e+02	3.872486104600102452e-01
7.780000000000000000e+02	3.882128656076315742e-01
7.790000000000000000e+02	3.890568361088423965e-01
7.800000000000000000e+02	3.897803480590200098e-01
7.810000000000000000e+02	3.903299205212710787e-01
7.820000000000000000e+02	3.908874869792737239e-01
7.830000000000000000e+02	3.914444084254365408e-01
7.840000000000000000e+02	3.920046427494323638e-01
7.850000000000000000e+02	3.925667827860306880e-01
7.860000000000000000e+02	3.931535024585499083e-01
7.870000000000000000e+02	3.937251676914342857e-01
7.880000000000000000e+02	3.942811543214930770e-01
7.890000000000000000e+02	3.948327687701905231e-01
7.900000000000000000e+02	3.954176494404098574e-01
7.910000000000000000e+02	3.959324915154528446e-01
7.920000000000000000e+02	3.964657348485999266e-01
7.930000000000000000e+02	3.969711958286230025e-01
7.940000000000000000e+02	3.974864051659838804e-01
7.950000000000000000e+02	3.980061561631689782e-01
7.960000000000000000e+02	3.985184617448934707e-01
7.970000000000000000e+02	3.990168025169235078e-01
7.980000000000000000e+02	3.995275809512028875e-01
7.990000000000000000e+02	4.000410205002795649e-01
8.000000000000000000e+02	4.005768686609669782e-01
8.010000000000000000e+02	4.010637995308761194e-01
8.020000000000000000e+02	4.015288901049348658e-01
8.030000000000000000e+02	4.020321341504511370e-01
8.040000000000000000e+02	4.025322648704109940e-01
8.050000000000000000e+02	4.030240875603196549e-01
8.060000000000000000e+02	4.035053013721147663e-01
8.070000000000000000e+02	4.039998560795127758e-01
8.080000000000000000e+02	4.045070668025438909e-01
8.090000000000000000e+02	4.049724559922062150e-01
8.100000000000000000e+02	4.054636009426177967e-01
8.110000000000000000e+02	4.058864861841573468e-01
8.120000000000000000e+02	4.063187861066281381e-01
8.130000000000000000e+02	4.067302946603713609e-01
8.140000000000000000e+02	4.071522008409049209e-01
8.150000000000000000e+02	4.075676121941222974e-01
8.160000000000000000e+02	4.079941741715624737e-01
8.170000000000000000e+02	4.084064817835814099e-01
8.180000000000000000e+02	4.088206448667158210e-01
8.190000000000000000e+02	4.092484553020429572e-01
8.200000000000000000e+02	4.096754761630134190e-01
8.210000000000000000e+02	4.100165155113488780e-01
8.220000000000000000e+02	4.103592071027777344e-01
8.230000000000000000e+02	4.107350847445589426e-01
8.240000000000000000e+02	4.110887998732443149e-01
8.250000000000000000e+02	4.113920234484795824e-01
8.260000000000000000e+02	4.116192786562667960e-01
8.270000000000000000e+02	4.119457924453022168e-01
8.280000000000000000e+02	4.122401560320810288e-01
8.290000000000000000e+02	4.124176971291849680e-01
8.300000000000000000e+02	4.126852525474365985e-01
8.310000000000000000e+02	4.129332860469763222e-01
8.320000000000000000e+02	4.130921820469748984e-01
8.330000000000000000e+02	4.132575320507752559e-01
8.340000000000000000e+02	4.135373795383793238e-01
8.350000000000000000e+02	4.138354684219005541e-01
8.360000000000000000e+02	4.140706315285979655e-01
8.370000000000000000e+02	4.143593357872121796e-01
8.380000000000000000e+02	4.146651026132291418e-01
8.390000000000000000e+02	4.149482038614261126e-01
8.400000000000000000e+02	4.152484155857372183e-01
8.410000000000000000e+02	4.155588122636116322e-01
8.420000000000000000e+02	4.158745360682222225e-01
8.430000000000000000e+02	4.161666109697865767e-01
8.440000000000000000e+02	4.164959919307033576e-01
8.450000000000000000e+02	4.168047645700149184e-01
8.460000000000000000e+02	4.171118490931257639e-01
8.470000000000000000e+02	4.174525307213363678e-01
8.480000000000000000e+02	4.177774486086002770e-01
8.490000000000000000e+02	4.180692885654306856e-01
8.500000000000000000e+02	4.184200977457368520e-01
8.510000000000000000e+02	4.186763700320068060e-01
8.520000000000000000e+02	4.189250741616655782e-01
8.530000000000000000e+02	4.191888712181073839e-01
8.540000000000000000e+02	4.194651210731830115e-01
8.550000000000000000e+02	4.197297482280040737e-01
8.560000000000000000e+02	4.199527846939438702e-01
8.570000000000000000e+02	4.202175238853534944e-01
8.580000000000000000e+02	4.204995847734648851e-01
8.590000000000000000e+02	4.207117754853791913e-01
8.600000000000000000e+02	4.209747882492925752e-01
8.610000000000000000e+02	4.212203858211603369e-01
8.620000000000000000e+02	4.214345067804868838e-01
8.630000000000000000e+02	4.216657099928214913e-01
8.640000000000000000e+02	4.218968711147187967e-01
8.650000000000000000e+02	4.220949932563166640e-01
8.660000000000000000e+02	4.223313229462964946e-01
8.670000000000000000e+02	4.226014871760081504e-01
8.680000000000000000e+02	4.228838755286515316e-01
8.690000000000000000e+02	4.231743831498304131e-01
8.700000000000000000e+02	4.234277684443208956e-01
8.710000000000000000e+02	4.235845821432343006e-01
8.720000000000000000e+02	4.237977884454498523e-01
8.730000000000000000e+02	4.240262390207195642e-01
8.740000000000000000e+02	4.241919050531724467e-01
8.750000000000000000e+02	4.243912812897616127e-01
8.760000000000000000e+02	4.245750697894567494e-01
8.770000000000000000e+02	4.247514521161793177e-01
8.780000000000000000e+02	4.249430562150780522e-01
8.790000000000000000e+02	4.251365864515395110e-01
8.800000000000000000e+02	4.252621499830422924e-01
8.810000000000000000e+02	4.254235024200205828e-01
8.820000000000000000e+02	4.256056441670241774e-01
8.830000000000000000e+02	4.257378773523926574e-01
8.840000000000000000e+02	4.258811575929823956e-01
8.850000000000000000e+02	4.260562807648271000e-01
8.860000000000000000e+02	4.262399135287851526e-01
8.870000000000000000e+02	4.263806542428932311e-01
8.880000000000000000e+02	4.265076146721619166e-01
8.890000000000000000e+02	4.266645151734430041e-01
8.900000000000000000e+02	4.268340332141880578e-01
8.910000000000000000e+02	4.269039333058421981e-01
8.920000000000000000e+02	4.270116384182066072e-01
8.930000000000000000e+02	4.271714829696848237e-01
8.940000000000000000e+02	4.273181177060983438e-01
8.950000000000000000e+02	4.274293713436629893e-01
8.960000000000000000e+02	4.274879866471264500e-01
8.970000000000000000e+02	4.276287066886231281e-01
8.980000000000000000e+02	4.277524805240878192e-01
8.990000000000000000e+02	4.278225132450204637e-01
9.000000000000000000e+02	4.279346415403867954e-01
9.010000000000000000e+02	4.280220208388691994e-01
9.020000000000000000e+02	4.280413838147404393e-01
9.030000000000000000e+02	4.280906869073462517e-01
9.040000000000000000e+02	4.281930847195293266e-01
9.050000000000000000e+02	4.282998590847957865e-01
9.060000000000000000e+02	4.283492437724847335e-01
9.070000000000000000e+02	4.283361019863393127e-01
9.080000000000000000e+02	4.283694623219362341e-01
9.090000000000000000e+02	4.284577389383602553e-01
9.100000000000000000e+02	4.285341798242086608e-01
9.110000000000000000e+02	4.285615072818570459e-01
9.120000000000000000e+02	4.284997795457389791e-01
9.130000000000000000e+02	4.284954186956630440e-01
9.140000000000000000e+02	4.285498219015948518e-01
9.150000000000000000e+02	4.286188360965117461e-01
9.160000000000000000e+02	4.285767104739314215e-01
9.170000000000000000e+02	4.283865878144493267e-01
9.180000000000000000e+02	4.282965605313522328e-01
9.190000000000000000e+02	4.282984827324625710e-01
9.200000000000000000e+02	4.283220735920784672e-01
9.210000000000000000e+02	4.281448820322146798e-01
9.220000000000000000e+02	4.277501717537341985e-01
9.230000000000000000e+02	4.275212291329853476e-01
9.240000000000000000e+02	4.273992437616646045e-01
9.250000000000000000e+02	4.271891844408790551e-01
9.260000000000000000e+02	4.269877201724796567e-01
9.270000000000000000e+02	4.268546453638996652e-01
9.280000000000000000e+02	4.264264207568307929e-01
9.290000000000000000e+02	4.256180489964165314e-01
9.300000000000000000e+02	4.251383821999064616e-01
9.310000000000000000e+02	4.248534806233890682e-01
9.320000000000000000e+02	4.244405556555652659e-01
9.330000000000000000e+02	4.240236817335467645e-01
9.340000000000000000e+02	4.237192574237760301e-01
9.350000000000000000e+02	4.232087292847235283e-01
9.360000000000000000e+02	4.222489973507139727e-01
9.370000000000000000e+02	4.214547872582632415e-01
9.380000000000000000e+02	4.209603350677123546e-01
9.390000000000000000e+02	4.205806479826386113e-01
9.400000000000000000e+02	4.196911400765445666e-01
9.410000000000000000e+02	4.181368592983976673e-01
9.420000000000000000e+02	4.172703196685400018e-01
9.430000000000000000e+02	4.167555533503733978e-01
9.440000000000000000e+02	4.159630024345486454e-01
9.450000000000000000e+02	4.149493515729104631e-01
9.460000000000000000e+02	4.139456269827319623e-01
9.470000000000000000e+02	4.131460808307766408e-01
9.480000000000000000e+02	4.124322208465249773e-01
9.490000000000000000e+02	4.107767902130700088e-01
9.500000000000000000e+02	4.078462126083413630e-01
9.510000000000000000e+02	4.060271799047352470e-01
9.520000000000000000e+02	4.048386619607605152e-01
9.530000000000000000e+02	4.031861733831070826e-01
9.540000000000000000e+02	4.013435234467718771e-01
9.550000000000000000e+02	3.997200769258390518e-01
9.560000000000000000e+02	3.982896307420102922e-01
9.570000000000000000e+02	3.969498892013244573e-01
9.580000000000000000e+02	3.958387386997127555e-01
9.590000000000000000e+02	3.950101783328488492e-01
9.600000000000000000e+02	3.939506212981896405e-01
9.610000000000000000e+02	3.924913354438624991e-01
9.620000000000000000e+02	3.918426125101435176e-01
9.630000000000000000e+02	3.917206502054292883e-01
9.640000000000000000e+02	3.915079600849372676e-01
9.650000000000000000e+02	3.912239441831247833e-01
9.660000000000000000e+02	3.910136793145883027e-01
9.670000000000000000e+02	3.908860267477226036e-01
9.680000000000000000e+02	3.908367066445971316e-01
9.690000000000000000e+02	3.908090660997374233e-01
9.700000000000000000e+02	3.907696717484616111e-01
9.710000000000000000e+02	3.907422283189052603e-01
9.720000000000000000e+02	3.907162940666454309e-01
9.730000000000000000e+02	3.906677357512548521e-01
9.740000000000000000e+02	3.905605977332323175e-01
9.750000000000000000e+02	3.906129194325385079e-01
9.760000000000000000e+02	3.907406047224664669e-01
9.770000000000000000e+02	3.908697566884878349e-01
9.780000000000000000e+02	3.910476880255854826e-01
9.790000000000000000e+02	3.912975860131304162e-01
9.800000000000000000e+02	3.916063941037419838e-01
9.810000000000000000e+02	3.918741861364626877e-01
9.820000000000000000e+02	3.921625345784036654e-01
9.830000000000000000e+02	3.924726133526899585e-01
9.840000000000000000e+02	3.928423289357680925e-01
9.850000000000000000e+02	3.932221364776809502e-01
9.860000000000000000e+02	3.936787078554285224e-01
9.870000000000000000e+02	3.941487812358636100e-01
9.880000000000000000e+02	3.946477098291635843e-01
9.890000000000000000e+02	3.950987326914343623e-01
9.900000000000000000e+02	3.956097880577749692e-01
9.910000000000000000e+02	3.962683634210830141e-01
9.920000000000000000e+02	3.969075140280898806e-01
9.930000000000000000e+02	3.974258986834149354e-01
9.940000000000000000e+02	3.979317520070942971e-01
9.950000000000000000e+02	3.985557929434734858e-01
9.960000000000000000e+02	3.992028346558398333e-01
9.970000000000000000e+02	3.998414399759906979e-01
9.980000000000000000e+02	4.004421040927698128e-01
9.990000000000000000e+02	4.010520212203195767e-01
1.000000000000000000e+03	4.016841764150250738e-01
1.001000000000000000e+03	4.023720367355244631e-01
1.002000000000000000e+03	4.030532055658388457e-01
1.003000000000000000e+03	4.036509848666879896e-01
1.004000000000000000e+03	4.042610724087343232e-01
1.005000000000000000e+03	4.049226435873623520e-01
1.006000000000000000e+03	4.056068938885299957e-01
1.007000000000000000e+03	4.063322628293687400e-01
1.008000000000000000e+03	4.070641930022149690e-01
1.009000000000000000e+03	4.077859068047962054e-01
1.010000000000000000e+03	4.085300812562112638e-01
1.011000000000000000e+03	4.092751684615982821e-01
1.012000000000000000e+03	4.100118414258898114e-01
1.013000000000000000e+03	4.106871457017713944e-01
1.014000000000000000e+03	4.113498164839872739e-01
1.015000000000000000e+03	4.120361208224103122e-01
1.016000000000000000e+03	4.127185854817686517e-01
1.017000000000000000e+03	4.133688914204873832e-01
1.018000000000000000e+03	4.140808218553089226e-01
1.019000000000000000e+03	4.149045170671418759e-01
1.020000000000000000e+03	4.157308199980950247e-01
1.021000000000000000e+03	4.165144008241956075e-01
1.022000000000000000e+03	4.172552421839569869e-01
1.023000000000000000e+03	4.180083755913661103e-01
1.024000000000000000e+03	4.187651529435470477e-01
1.025000000000000000e+03	4.194643911039590556e-01
1.026000000000000000e+03	4.201627762445404035e-01
1.027000000000000000e+03	4.208979512048336424e-01
1.028000000000000000e+03	4.216980710965014256e-01
1.029000000000000000e+03	4.225316946062473988e-01
1.030000000000000000e+03	4.232620863642586606e-01
1.031000000000000000e+03	4.237618448422234008e-01
1.032000000000000000e+03	4.241570585878237654e-01
1.033000000000000000e+03	4.246369897316137343e-01
1.034000000000000000e+03	4.253060951369202480e-01
1.035000000000000000e+03	4.260246021278403794e-01
1.036000000000000000e+03	4.266469538741268219e-01
1.037000000000000000e+03	4.271981088727835885e-01
1.038000000000000000e+03	4.277976613500487635e-01
1.039000000000000000e+03	4.283868026900071180e-01
1.040000000000000000e+03	4.289038578642286326e-01
1.041000000000000000e+03	4.294087595808683822e-01
1.042000000000000000e+03	4.299514609115965280e-01
1.043000000000000000e+03	4.304335763600817821e-01
1.044000000000000000e+03	4.308172972496352449e-01
1.045000000000000000e+03	4.311515153990535532e-01
1.046000000000000000e+03	4.315477347320584856e-01
1.047000000000000000e+03	4.320789727693252202e-01
1.048000000000000000e+03	4.325943755207694030e-01
1.049000000000000000e+03	4.330031637720649917e-01
1.050000000000000000e+03	4.333496182708846955e-01
1.051000000000000000e+03	4.337113145641579015e-01
1.052000000000000000e+03	4.341011354363447650e-01
1.053000000000000000e+03	4.345000188461953239e-01
1.054000000000000000e+03	4.348644482297991387e-01
1.055000000000000000e+03	4.351258602570904910e-01
1.056000000000000000e+03	4.353520425789725312e-01
1.057000000000000000e+03	4.355430689636896613e-01
1.058000000000000000e+03	4.357555336775083554e-01
1.059000000000000000e+03	4.360050195455960065e-01
1.060000000000000000e+03	4.363169052843299811e-01
1.061000000000000000e+03	4.366464226918636560e-01
1.062000000000000000e+03	4.368840745467986730e-01
1.063000000000000000e+03	4.370559497006998861e-01
1.064000000000000000e+03	4.372073280033137443e-01
1.065000000000000000e+03	4.373800040998944705e-01
1.066000000000000000e+03	4.375431746497647767e-01
1.067000000000000000e+03	4.377182670504415896e-01
1.068000000000000000e+03	4.378745929226818823e-01
1.069000000000000000e+03	4.379722378137009264e-01
1.070000000000000000e+03	4.380565179246902474e-01
1.071000000000000000e+03	4.381119833537462371e-01
1.072000000000000000e+03	4.381917324802521163e-01
1.073000000000000000e+03	4.382578750525320532e-01
1.074000000000000000e+03	4.382725774674753882e-01
1.075000000000000000e+03	4.382452943632770270e-01
1.076000000000000000e+03	4.381285959799567920e-01
1.077000000000000000e+03	4.380615664691421829e-01
1.078000000000000000e+03	4.380768440943627606e-01
1.079000000000000000e+03	4.381094371022590250e-01
1.080000000000000000e+03	4.381032042390626269e-01
1.081000000000000000e+03	4.379821912531115524e-01
1.082000000000000000e+03	4.377970331817082617e-01
1.083000000000000000e+03	4.375553749124205805e-01
1.084000000000000000e+03	4.373405765500556486e-01
1.085000000000000000e+03	4.371913607951028458e-01
1.086000000000000000e+03	4.370821061522607853e-01
1.087000000000000000e+03	4.369594633102817371e-01
1.088000000000000000e+03	4.367803909424849418e-01
1.089000000000000000e+03	4.365275119777031199e-01
1.090000000000000000e+03	4.362270304314079250e-01
1.091000000000000000e+03	4.359510139090301273e-01
1.092000000000000000e+03	4.357839499081697099e-01
1.093000000000000000e+03	4.356607958482132670e-01
1.094000000000000000e+03	4.354797459817984495e-01
1.095000000000000000e+03	4.352012971716555656e-01
1.096000000000000000e+03	4.347515475506898985e-01
1.097000000000000000e+03	4.341933001542463977e-01
1.098000000000000000e+03	4.336926845410039033e-01
1.099000000000000000e+03	4.334196216677492219e-01
1.100000000000000000e+03	4.332447616492275944e-01
1.101000000000000000e+03	4.329592253069375341e-01
1.102000000000000000e+03	4.325016902123813289e-01
1.103000000000000000e+03	4.320435874698813628e-01
1.104000000000000000e+03	4.317351839617637466e-01
1.105000000000000000e+03	4.314916389549690034e-01
1.106000000000000000e+03	4.311991525301220318e-01
1.107000000000000000e+03	4.306999918011133466e-01
1.108000000000000000e+03	4.302368219222101331e-01
1.109000000000000000e+03	4.299100564312086092e-01
1.110000000000000000e+03	4.296806882938472572e-01
1.111000000000000000e+03	4.293427561050631724e-01
1.112000000000000000e+03	4.288121581707792229e-01
1.113000000000000000e+03	4.283960423292163533e-01
1.114000000000000000e+03	4.283370680532705421e-01
1.115000000000000000e+03	4.284317556028041651e-01
1.116000000000000000e+03	4.283246519771199967e-01
1.117000000000000000e+03	4.278330842763986008e-01
1.118000000000000000e+03	4.272275176803295160e-01
1.119000000000000000e+03	4.267743888344764924e-01
1.120000000000000000e+03	4.263551366071253179e-01
1.121000000000000000e+03	4.257729032278444459e-01
1.122000000000000000e+03	4.249320413843384325e-01
1.123000000000000000e+03	4.241271083934353148e-01
1.124000000000000000e+03	4.235987228391560055e-01
1.125000000000000000e+03	4.230717324978283678e-01
1.126000000000000000e+03	4.221491087712914148e-01
1.127000000000000000e+03	4.206246319183509774e-01
1.128000000000000000e+03	4.190192023947299504e-01
1.129000000000000000e+03	4.178067622638687029e-01
1.130000000000000000e+03	4.165989805832098214e-01
1.131000000000000000e+03	4.148831327530335122e-01
1.132000000000000000e+03	4.122693566801637899e-01
1.133000000000000000e+03	4.093611125075997115e-01
1.134000000000000000e+03	4.067409294299797473e-01
1.135000000000000000e+03	4.044034163743469579e-01
1.136000000000000000e+03	4.022098650291140998e-01
1.137000000000000000e+03	3.999471700514710681e-01
1.138000000000000000e+03	3.971942539713275711e-01
1.139000000000000000e+03	3.934611477383634370e-01
1.140000000000000000e+03	3.887149524159178582e-01
1.141000000000000000e+03	3.842099872848779296e-01
1.142000000000000000e+03	3.809751351785145013e-01
1.143000000000000000e+03	3.782411785930411829e-01
1.144000000000000000e+03	3.748094520449525846e-01
1.145000000000000000e+03	3.700818840225019168e-01
1.146000000000000000e+03	3.654331823719033090e-01
1.147000000000000000e+03	3.621634277649084521e-01
1.148000000000000000e+03	3.598936492408897903e-01
1.149000000000000000e+03	3.579248384103388414e-01
1.150000000000000000e+03	3.556738922310825890e-01
1.151000000000000000e+03	3.531536585640729364e-01
1.152000000000000000e+03	3.505242310030328157e-01
1.153000000000000000e+03	3.480157260701214894e-01
1.154000000000000000e+03	3.459278655253414936e-01
1.155000000000000000e+03	3.444813573627499848e-01
1.156000000000000000e+03	3.435639475661462772e-01
1.157000000000000000e+03	3.428897662914516808e-01
1.158000000000000000e+03	3.421405045347222229e-01
1.159000000000000000e+03	3.413965222923863729e-01
1.160000000000000000e+03	3.406539365421235588e-01
1.161000000000000000e+03	3.398728757858457405e-01
1.162000000000000000e+03	3.392347843885572534e-01
1.163000000000000000e+03	3.389820822447695559e-01
1.164000000000000000e+03	3.388673633712469546e-01
1.165000000000000000e+03	3.388291002534900009e-01
1.166000000000000000e+03	3.386170228420825046e-01
1.167000000000000000e+03	3.384053075772321950e-01
1.168000000000000000e+03	3.382698312609973557e-01
1.169000000000000000e+03	3.382066631977547200e-01
1.170000000000000000e+03	3.381454008949549284e-01
1.171000000000000000e+03	3.377281439163554722e-01
1.172000000000000000e+03	3.370194628841568507e-01
1.173000000000000000e+03	3.363794768617937581e-01
1.174000000000000000e+03	3.362611423603870109e-01
1.175000000000000000e+03	3.364357750933906210e-01
1.176000000000000000e+03	3.367069247301279766e-01
1.177000000000000000e+03	3.366771704476486660e-01
1.178000000000000000e+03	3.364988556972308698e-01
1.179000000000000000e+03	3.363304218270186108e-01
1.180000000000000000e+03	3.361544834060763987e-01
1.181000000000000000e+03	3.360441867455012388e-01
1.182000000000000000e+03	3.358533338949976632e-01
1.183000000000000000e+03	3.356086003800937134e-01
1.184000000000000000e+03	3.353455635415717451e-01
1.185000000000000000e+03	3.350906121410079930e-01
1.186000000000000000e+03	3.349735466523114935e-01
1.187000000000000000e+03	3.348508630029120026e-01
1.188000000000000000e+03	3.347359123662546065e-01
1.189000000000000000e+03	3.345467677018755248e-01
1.190000000000000000e+03	3.344320742372152711e-01
1.191000000000000000e+03	3.342185999413422870e-01
1.192000000000000000e+03	3.340851619384015425e-01
1.193000000000000000e+03	3.338778569904348736e-01
1.194000000000000000e+03	3.337447187887584987e-01
1.195000000000000000e+03	3.335397659720774621e-01
1.196000000000000000e+03	3.334107157395203580e-01
1.197000000000000000e+03	3.333611739549593445e-01
1.198000000000000000e+03	3.333758971260920578e-01
1.199000000000000000e+03	3.336782184474189616e-01
1.200000000000000000e+03	3.341955519678084796e-01
1.201000000000000000e+03	3.346573513839798397e-01
1.202000000000000000e+03	3.345841391159101175e-01
1.203000000000000000e+03	3.343212650687688581e-01
1.204000000000000000e+03	3.341760767180387282e-01
1.205000000000000000e+03	3.343178057279146409e-01
1.206000000000000000e+03	3.347218461848829318e-01
1.207000000000000000e+03	3.350737880421181258e-01
1.208000000000000000e+03	3.351890301842084807e-01
1.209000000000000000e+03	3.351573282585403324e-01
1.210000000000000000e+03	3.351923649653553716e-01
1.211000000000000000e+03	3.354889647173576739e-01
1.212000000000000000e+03	3.357782812314315524e-01
1.213000000000000000e+03	3.360243857448195759e-01
1.214000000000000000e+03	3.359478564076269214e-01
1.215000000000000000e+03	3.358519473466236027e-01
1.216000000000000000e+03	3.360094768273839683e-01
1.217000000000000000e+03	3.364358741687542009e-01
1.218000000000000000e+03	3.370190025547832313e-01
1.219000000000000000e+03	3.375155187329903494e-01
1.220000000000000000e+03	3.375773383282561491e-01
1.221000000000000000e+03	3.374843136152165801e-01
1.222000000000000000e+03	3.374550973284324296e-01
1.223000000000000000e+03	3.375532333375779181e-01
1.224000000000000000e+03	3.377986185134195241e-01
1.225000000000000000e+03	3.380423807478997733e-01
1.226000000000000000e+03	3.379933414153958315e-01
1.227000000000000000e+03	3.379365091873003379e-01
1.228000000000000000e+03	3.378855665081233473e-01
1.229000000000000000e+03	3.379839202157851052e-01
1.230000000000000000e+03	3.382003316053872610e-01
1.231000000000000000e+03	3.384387039095751448e-01
1.232000000000000000e+03	3.385718832664419420e-01
1.233000000000000000e+03	3.387163177772012923e-01
1.234000000000000000e+03	3.389257054731857899e-01
1.235000000000000000e+03	3.391353293737292551e-01
1.236000000000000000e+03	3.393550552794035724e-01
1.237000000000000000e+03	3.394264179499351664e-01
1.238000000000000000e+03	3.393571536494068286e-01
1.239000000000000000e+03	3.392038780234181150e-01
1.240000000000000000e+03	3.392010087358361403e-01
1.241000000000000000e+03	3.392486286515941640e-01
1.242000000000000000e+03	3.393922955510922379e-01
1.243000000000000000e+03	3.396926355851702106e-01
1.244000000000000000e+03	3.398068765288440596e-01
1.245000000000000000e+03	3.400333757918187483e-01
1.246000000000000000e+03	3.400613749451043555e-01
1.247000000000000000e+03	3.401937201267273281e-01
1.248000000000000000e+03	3.402296810233728652e-01
1.249000000000000000e+03	3.402875126314458543e-01
1.250000000000000000e+03	3.403921499562836406e-01
1.251000000000000000e+03	3.405914503236065483e-01
1.252000000000000000e+03	3.406862767102439293e-01
1.253000000000000000e+03	3.408222416390548348e-01
1.254000000000000000e+03	3.407675124366587593e-01
1.255000000000000000e+03	3.405852257460621479e-01
1.256000000000000000e+03	3.404031942787635323e-01
1.257000000000000000e+03	3.402491889348585041e-01
1.258000000000000000e+03	3.401718553969298453e-01
1.259000000000000000e+03	3.401372490526574643e-01
1.260000000000000000e+03	3.402835057295566235e-01
1.261000000000000000e+03	3.404945592073330141e-01
1.262000000000000000e+03	3.406310573570904277e-01
1.263000000000000000e+03	3.405436226608116734e-01
1.264000000000000000e+03	3.404561621523274906e-01
1.265000000000000000e+03	3.402942859378849105e-01
1.266000000000000000e+03	3.401990048166262381e-01
1.267000000000000000e+03	3.401118374490609830e-01
1.268000000000000000e+03	3.400258642743491100e-01
1.269000000000000000e+03	3.399685566173720197e-01
1.270000000000000000e+03	3.397248967447534240e-01
1.271000000000000000e+03	3.393750028996632695e-01
1.272000000000000000e+03	3.389518505342146160e-01
1.273000000000000000e+03	3.383903886895757718e-01
1.274000000000000000e+03	3.378228831638773744e-01
1.275000000000000000e+03	3.373306083351261253e-01
1.276000000000000000e+03	3.369838121915763596e-01
1.277000000000000000e+03	3.367186041504749983e-01
1.278000000000000000e+03	3.364750594164527264e-01
1.279000000000000000e+03	3.360924748017342645e-01
1.280000000000000000e+03	3.355599618923918448e-01
1.281000000000000000e+03	3.349063592113080134e-01
1.282000000000000000e+03	3.342456149792924491e-01
1.283000000000000000e+03	3.334633792300222832e-01
1.284000000000000000e+03	3.327753772757948147e-01
1.285000000000000000e+03	3.321233483007231535e-01
1.286000000000000000e+03	3.316377656957055220e-01
1.287000000000000000e+03	3.312318887975012061e-01
1.288000000000000000e+03	3.307771419116330991e-01
1.289000000000000000e+03	3.302255862255559782e-01
1.290000000000000000e+03	3.296414812044665132e-01
1.291000000000000000e+03	3.289053352769772953e-01
1.292000000000000000e+03	3.281799427383946255e-01
1.293000000000000000e+03	3.274165241826629269e-01
1.294000000000000000e+03	3.265606062188742276e-01
1.295000000000000000e+03	3.256683705374486815e-01
1.296000000000000000e+03	3.246306429030575980e-01
1.297000000000000000e+03	3.235665466464964779e-01
1.298000000000000000e+03	3.226163774186386335e-01
1.299000000000000000e+03	3.217650498350435040e-01
1.300000000000000000e+03	3.211832386071531986e-01
1.301000000000000000e+03	3.199369659541116406e-01
1.302000000000000000e+03	3.191711877889024662e-01
1.303000000000000000e+03	3.181763933589012439e-01
1.304000000000000000e+03	3.169402742253787930e-01
1.305000000000000000e+03	3.157667906230837152e-01
1.306000000000000000e+03	3.141424188453931232e-01
1.307000000000000000e+03	3.128490915839998721e-01
1.308000000000000000e+03	3.114271654694502622e-01
1.309000000000000000e+03	3.101187292294708686e-01
1.310000000000000000e+03	3.089315830623738379e-01
1.311000000000000000e+03	3.076803387212688201e-01
1.312000000000000000e+03	3.061974095722174716e-01
1.313000000000000000e+03	3.043583466297429263e-01
1.314000000000000000e+03	3.026351674188051399e-01
1.315000000000000000e+03	3.008611468558465285e-01
1.316000000000000000e+03	2.992573147576978454e-01
1.317000000000000000e+03	2.976701984777960219e-01
1.318000000000000000e+03	2.958936330567148998e-01
1.319000000000000000e+03	2.940510351664613053e-01
1.320000000000000000e+03	2.916479573606126086e-01
1.321000000000000000e+03	2.896181200099491315e-01
1.322000000000000000e+03	2.875088629528211870e-01
1.323000000000000000e+03	2.856715250926620264e-01
1.324000000000000000e+03	2.840340312402392930e-01
1.325000000000000000e+03	2.827036399006217504e-01
1.326000000000000000e+03	2.807359862791114491e-01
1.327000000000000000e+03	2.780279460892732812e-01
1.328000000000000000e+03	2.752717373960966163e-01
1.329000000000000000e+03	2.727700346772068962e-01
1.330000000000000000e+03	2.710529068483454873e-01
1.331000000000000000e+03	2.695125100507319571e-01
1.332000000000000000e+03	2.678065910123459403e-01
1.333000000000000000e+03	2.656804841681187357e-01
1.334000000000000000e+03	2.628210183624004603e-01
1.335000000000000000e+03	2.598966160774329737e-01
1.336000000000000000e+03	2.572910144303980906e-01
1.337000000000000000e+03	2.549427448986527622e-01
1.338000000000000000e+03	2.529757025333126408e-01
1.339000000000000000e+03	2.514047429675987377e-01
1.340000000000000000e+03	2.500282582302069678e-01
1.341000000000000000e+03	2.483938011087503950e-01
1.342000000000000000e+03	2.464326480377848072e-01
1.343000000000000000e+03	2.445286449758113656e-01
1.344000000000000000e+03	2.420866057515592418e-01
1.345000000000000000e+03	2.392190981544970174e-01
1.346000000000000000e+03	2.362896009691351773e-01
1.347000000000000000e+03	2.337554001809446780e-01
1.348000000000000000e+03	2.316549505731803626e-01
1.349000000000000000e+03	2.301904575819673504e-01
1.350000000000000000e+03	2.282221700844598022e-01
1.351000000000000000e+03	2.266356949195978132e-01
1.352000000000000000e+03	2.246211968266611514e-01
1.353000000000000000e+03	2.229160777985761954e-01
1.354000000000000000e+03	2.210855336823922823e-01
1.355000000000000000e+03	2.196795161525748052e-01
1.356000000000000000e+03	2.177598907470379430e-01
1.357000000000000000e+03	2.163633919042791676e-01
1.358000000000000000e+03	2.145764614077370069e-01
1.359000000000000000e+03	2.135810090117751803e-01
1.360000000000000000e+03	2.126292924568837228e-01
1.361000000000000000e+03	2.113803580817101291e-01
1.362000000000000000e+03	2.097415110916549530e-01
1.363000000000000000e+03	2.076219060703198005e-01
1.364000000000000000e+03	2.059902975643013445e-01
1.365000000000000000e+03	2.043146092583585371e-01
1.366000000000000000e+03	2.020313025803477380e-01
1.367000000000000000e+03	2.004967183498009287e-01
1.368000000000000000e+03	1.980884443757159608e-01
1.369000000000000000e+03	1.956647692041960929e-01
1.370000000000000000e+03	1.931363541119658911e-01
1.371000000000000000e+03	1.898652474894749476e-01
1.372000000000000000e+03	1.863834895016314996e-01
1.373000000000000000e+03	1.835127445078799657e-01
1.374000000000000000e+03	1.795273253816130343e-01
1.375000000000000000e+03	1.751274136307048035e-01
1.376000000000000000e+03	1.714792874685314994e-01
1.377000000000000000e+03	1.670826459730114788e-01
1.378000000000000000e+03	1.626884255917623034e-01
1.379000000000000000e+03	1.578726543643459435e-01
1.380000000000000000e+03	1.542744615401334118e-01
1.381000000000000000e+03	1.489416751372163450e-01
1.382000000000000000e+03	1.436782246449141986e-01
1.383000000000000000e+03	1.380043572625043180e-01
1.384000000000000000e+03	1.335296767580420596e-01
1.385000000000000000e+03	1.275688782110592501e-01
1.386000000000000000e+03	1.219829111754105189e-01
1.387000000000000000e+03	1.165960222812304214e-01
1.388000000000000000e+03	1.108855460533935133e-01
1.389000000000000000e+03	1.068038660599370110e-01
1.390000000000000000e+03	1.014824077994903873e-01
1.391000000000000000e+03	9.681774391387185097e-02
1.392000000000000000e+03	9.227213680430150500e-02
1.393000000000000000e+03	8.815305384660804267e-02
1.394000000000000000e+03	8.370405951042657333e-02
1.395000000000000000e+03	8.066495629071081253e-02
1.396000000000000000e+03	7.715805535988384811e-02
1.397000000000000000e+03	7.340038254622707758e-02
1.398000000000000000e+03	7.021796307874768328e-02
1.399000000000000000e+03	6.727083655418587826e-02
1.400000000000000000e+03	6.454219789808852970e-02
1.401000000000000000e+03	6.202376009838615756e-02
1.402000000000000000e+03	5.945530499165673638e-02
1.403000000000000000e+03	5.732825840474689572e-02
1.404000000000000000e+03	5.545500668475571160e-02
1.405000000000000000e+03	5.399641212797386125e-02
1.406000000000000000e+03	5.230245655254437548e-02
1.407000000000000000e+03	5.077905824177221528e-02
1.408000000000000000e+03	4.935724035752171029e-02
1.409000000000000000e+03	4.793863871161816587e-02
1.410000000000000000e+03	4.669527989154190900e-02
1.411000000000000000e+03	4.564690815687361125e-02
1.412000000000000000e+03	4.463941078053466210e-02
1.413000000000000000e+03	4.375188857385486213e-02
1.414000000000000000e+03	4.290263431220874696e-02
1.415000000000000000e+03	4.211700953207727499e-02
1.416000000000000000e+03	4.139945040785786290e-02
1.417000000000000000e+03	4.075230191477260261e-02
1.418000000000000000e+03	4.011248672488114397e-02
1.419000000000000000e+03	3.956111341103742823e-02
1.420000000000000000e+03	3.906883605109554708e-02
1.421000000000000000e+03	3.858307961704841166e-02
1.422000000000000000e+03	3.812402108608610452e-02
1.423000000000000000e+03	3.768989993433490698e-02
1.424000000000000000e+03	3.729916317176785318e-02
1.425000000000000000e+03	3.684133741901317316e-02
1.426000000000000000e+03	3.650456524338361458e-02
1.427000000000000000e+03	3.620291179500906981e-02
1.428000000000000000e+03	3.593176244603045466e-02
1.429000000000000000e+03	3.567896643599298423e-02
1.430000000000000000e+03	3.540978945048597892e-02
1.431000000000000000e+03	3.519674202591245582e-02
1.432000000000000000e+03	3.495381738650508302e-02
1.433000000000000000e+03	3.479942776247122588e-02
1.434000000000000000e+03	3.457213463208731741e-02
1.435000000000000000e+03	3.440503517892809504e-02
1.436000000000000000e+03	3.425724170349616488e-02
1.437000000000000000e+03	3.410214185969633743e-02
1.438000000000000000e+03	3.396293330880267858e-02
1.439000000000000000e+03	3.386415539869135766e-02
1.440000000000000000e+03	3.376127063902979730e-02
1.441000000000000000e+03	3.366628584345206232e-02
1.442000000000000000e+03	3.359374363652713885e-02
1.443000000000000000e+03	3.354601289787489948e-02
1.444000000000000000e+03	3.349315552232697696e-02
1.445000000000000000e+03	3.346855821388699387e-02
1.446000000000000000e+03	3.343032705011626804e-02
1.447000000000000000e+03	3.340266445870750112e-02
1.448000000000000000e+03	3.338884420552001159e-02
1.449000000000000000e+03	3.338879584656277016e-02
1.450000000000000000e+03	3.339220292919103245e-02
1.451000000000000000e+03	3.341523168512480768e-02
1.452000000000000000e+03	3.342380276620674634e-02
1.453000000000000000e+03	3.345247523286599273e-02
1.454000000000000000e+03	3.348406296893183948e-02
1.455000000000000000e+03	3.353874795197957920e-02
1.456000000000000000e+03	3.359785423287433431e-02
1.457000000000000000e+03	3.366434635511390133e-02
1.458000000000000000e+03	3.376564396862109102e-02
1.459000000000000000e+03	3.385264219083974901e-02
1.460000000000000000e+03	3.393064472132295561e-02
1.461000000000000000e+03	3.410083119544504715e-02
1.462000000000000000e+03	3.424280417468245075e-02
1.463000000000000000e+03	3.440965545735790582e-02
1.464000000000000000e+03	3.465409142985963892e-02
1.465000000000000000e+03	3.488416429648179273e-02
1.466000000000000000e+03	3.510367147270387900e-02
1.467000000000000000e+03	3.544361182269820110e-02
1.468000000000000000e+03	3.571507585328483753e-02
1.469000000000000000e+03	3.600657407441548719e-02
1.470000000000000000e+03	3.638628125908056204e-02
1.471000000000000000e+03	3.669793374278014497e-02
1.472000000000000000e+03	3.700839497988923227e-02
1.473000000000000000e+03	3.746357847228618670e-02
1.474000000000000000e+03	3.778998347811138303e-02
1.475000000000000000e+03	3.830665589059110282e-02
1.476000000000000000e+03	3.869896498022641629e-02
1.477000000000000000e+03	3.911379506686545049e-02
1.478000000000000000e+03	3.958031350673069798e-02
1.479000000000000000e+03	4.000299004732169039e-02
1.480000000000000000e+03	4.054665215135306450e-02
1.481000000000000000e+03	4.094894897136393264e-02
1.482000000000000000e+03	4.143591850365120621e-02
1.483000000000000000e+03	4.186013320241378788e-02
1.484000000000000000e+03	4.239878670912220621e-02
1.485000000000000000e+03	4.284760676324984863e-02
1.486000000000000000e+03	4.328841678120506908e-02
1.487000000000000000e+03	4.389658924427318476e-02
1.488000000000000000e+03	4.439211213780990678e-02
1.489000000000000000e+03	4.506644646448016572e-02
1.490000000000000000e+03	4.555313603353566138e-02
1.491000000000000000e+03	4.623026811710048700e-02
1.492000000000000000e+03	4.677731500102930845e-02
1.493000000000000000e+03	4.743027443032599849e-02
1.494000000000000000e+03	4.798563793833739155e-02
1.495000000000000000e+03	4.872838952688177822e-02
1.496000000000000000e+03	4.934620629116584500e-02
1.497000000000000000e+03	5.007642376108153298e-02
1.498000000000000000e+03	5.076105629353063614e-02
1.499000000000000000e+03	5.138032583844303475e-02
1.500000000000000000e+03	5.215025233329502463e-02
1.501000000000000000e+03	5.270765522215971333e-02
1.502000000000000000e+03	5.346865490534487286e-02
1.503000000000000000e+03	5.416722214026613996e-02
1.504000000000000000e+03	5.494717609793025453e-02
1.505000000000000000e+03	5.575604334470335433e-02
1.506000000000000000e+03	5.637148791562055644e-02
1.507000000000000000e+03	5.717226303322430619e-02
1.508000000000000000e+03	5.774690043599904621e-02
1.509000000000000000e+03	5.859625835381219311e-02
1.510000000000000000e+03	5.942941523627651851e-02
1.511000000000000000e+03	6.018238684542703137e-02
1.512000000000000000e+03	6.104424439816727443e-02
1.513000000000000000e+03	6.166459125831200150e-02
1.514000000000000000e+03	6.254610293700052503e-02
1.515000000000000000e+03	6.345683428735213183e-02
1.516000000000000000e+03	6.413373466682324719e-02
1.517000000000000000e+03	6.505831201555767329e-02
1.518000000000000000e+03	6.592354407993154808e-02
1.519000000000000000e+03	6.662733107196734672e-02
1.520000000000000000e+03	6.747285034133562731e-02
1.521000000000000000e+03	6.840343624727276972e-02
1.522000000000000000e+03	6.907837514185563577e-02
1.523000000000000000e+03	7.003479256996621161e-02
1.524000000000000000e+03	7.100945963347089773e-02
1.525000000000000000e+03	7.172749065614122954e-02
1.526000000000000000e+03	7.263585822066077891e-02
1.527000000000000000e+03	7.351662505279230042e-02
1.528000000000000000e+03	7.423137515021688282e-02
1.529000000000000000e+03	7.506610698775474655e-02
1.530000000000000000e+03	7.589259224880788579e-02
1.531000000000000000e+03	7.689859776230503763e-02
1.532000000000000000e+03	7.759872804035039540e-02
1.533000000000000000e+03	7.855393174431246628e-02
1.534000000000000000e+03	7.946410213391123800e-02
1.535000000000000000e+03	8.040413282597470845e-02
1.536000000000000000e+03	8.108910138756499075e-02
1.537000000000000000e+03	8.201253648710848942e-02
1.538000000000000000e+03	8.286075409758325572e-02
1.539000000000000000e+03	8.388781530187576496e-02
1.540000000000000000e+03	8.469966509993576143e-02
1.541000000000000000e+03	8.544119349173087685e-02
1.542000000000000000e+03	8.640169408597096756e-02
1.543000000000000000e+03	8.731026218159793073e-02
1.544000000000000000e+03	8.831473127578841342e-02
1.545000000000000000e+03	8.905097283242226214e-02
1.546000000000000000e+03	8.983642300458617724e-02
1.547000000000000000e+03	9.082773783399142320e-02
1.548000000000000000e+03	9.169217765923537433e-02
1.549000000000000000e+03	9.260357872051457051e-02
1.550000000000000000e+03	9.342253762749730406e-02
1.551000000000000000e+03	9.416489684399938220e-02
1.552000000000000000e+03	9.489836080725133627e-02
1.553000000000000000e+03	9.582478164946389709e-02
1.554000000000000000e+03	9.658923733553161084e-02
1.555000000000000000e+03	9.747101010858529035e-02
1.556000000000000000e+03	9.832008140391389206e-02
1.557000000000000000e+03	9.912217346635751603e-02
1.558000000000000000e+03	9.968407772975819425e-02
1.559000000000000000e+03	1.003945625671968656e-01
1.560000000000000000e+03	1.011336032706965926e-01
1.561000000000000000e+03	1.019000679487205990e-01
1.562000000000000000e+03	1.026233092221689042e-01
1.563000000000000000e+03	1.034228320992065381e-01
1.564000000000000000e+03	1.040772935439265440e-01
1.565000000000000000e+03	1.049493473660612908e-01
1.566000000000000000e+03	1.055699399105338304e-01
1.567000000000000000e+03	1.063799693291702375e-01
1.568000000000000000e+03	1.070132071727388917e-01
1.569000000000000000e+03	1.077432707029562786e-01
1.570000000000000000e+03	1.084728775706710335e-01
1.571000000000000000e+03	1.091953148965846970e-01
1.572000000000000000e+03	1.099351275193688471e-01
1.573000000000000000e+03	1.107027654204178063e-01
1.574000000000000000e+03	1.114880231110935843e-01
1.575000000000000000e+03	1.120640172625278763e-01
1.576000000000000000e+03	1.129346977471582941e-01
1.577000000000000000e+03	1.135668696547889600e-01
1.578000000000000000e+03	1.142159606204941336e-01
1.579000000000000000e+03	1.149927285233623836e-01
1.580000000000000000e+03	1.155782178759104106e-01
1.581000000000000000e+03	1.163514304552301509e-01
1.582000000000000000e+03	1.171607223454119162e-01
1.583000000000000000e+03	1.179522757694844715e-01
1.584000000000000000e+03	1.185600728187655301e-01
1.585000000000000000e+03	1.192904725874349148e-01
1.586000000000000000e+03	1.200152323060599130e-01
1.587000000000000000e+03	1.206751555437094725e-01
1.588000000000000000e+03	1.211877807285488134e-01
1.589000000000000000e+03	1.219498467071724324e-01
1.590000000000000000e+03	1.225685654758690152e-01
1.591000000000000000e+03	1.233629638878520340e-01
1.592000000000000000e+03	1.241084230651637171e-01
1.593000000000000000e+03	1.249633667484597727e-01
1.594000000000000000e+03	1.257903980026834345e-01
1.595000000000000000e+03	1.265012123329213867e-01
1.596000000000000000e+03	1.269696693841898538e-01
1.597000000000000000e+03	1.275975392165676070e-01
1.598000000000000000e+03	1.281472925308061728e-01
1.599000000000000000e+03	1.288178317840807108e-01
1.600000000000000000e+03	1.295386867825160659e-01
1.601000000000000000e+03	1.301535217987952464e-01
1.602000000000000000e+03	1.306357920103817238e-01
1.603000000000000000e+03	1.313965971505433317e-01
1.604000000000000000e+03	1.319234302584977869e-01
1.605000000000000000e+03	1.326687649758180598e-01
1.606000000000000000e+03	1.331801817710341340e-01
1.607000000000000000e+03	1.336716054734238546e-01
1.608000000000000000e+03	1.340197828301008254e-01
1.609000000000000000e+03	1.346279584488073722e-01
1.610000000000000000e+03	1.349940425038800573e-01
1.611000000000000000e+03	1.355209008833996864e-01
1.612000000000000000e+03	1.360243961410554370e-01
1.613000000000000000e+03	1.366747620468996838e-01
1.614000000000000000e+03	1.371075159146897537e-01
1.615000000000000000e+03	1.375919263190116260e-01
1.616000000000000000e+03	1.379967585824520282e-01
1.617000000000000000e+03	1.384501623164706707e-01
1.618000000000000000e+03	1.387795508555478841e-01
1.619000000000000000e+03	1.394148515749125405e-01
1.620000000000000000e+03	1.397049958366457512e-01
1.621000000000000000e+03	1.402500992401107538e-01
1.622000000000000000e+03	1.407333843323285150e-01
1.623000000000000000e+03	1.412678550632971708e-01
1.624000000000000000e+03	1.418631996906322690e-01
1.625000000000000000e+03	1.423217535384741494e-01
1.626000000000000000e+03	1.426321581451537035e-01
1.627000000000000000e+03	1.431905951853846559e-01
1.628000000000000000e+03	1.433733613007862617e-01
1.629000000000000000e+03	1.438706714622058069e-01
1.630000000000000000e+03	1.441590087639425255e-01
1.631000000000000000e+03	1.445284275477880798e-01
1.632000000000000000e+03	1.445903494623331231e-01
1.633000000000000000e+03	1.451185872716661274e-01
1.634000000000000000e+03	1.454216406523451410e-01
1.635000000000000000e+03	1.458892660788936313e-01
1.636000000000000000e+03	1.460084152576074101e-01
1.637000000000000000e+03	1.464854035540514299e-01
1.638000000000000000e+03	1.466430367175270422e-01
1.639000000000000000e+03	1.470190264556600346e-01
1.640000000000000000e+03	1.470736233871879073e-01
1.641000000000000000e+03	1.475750750022568336e-01
1.642000000000000000e+03	1.477888029619360832e-01
1.643000000000000000e+03	1.482785192639258232e-01
1.644000000000000000e+03	1.485453250670582259e-01
1.645000000000000000e+03	1.489652769170022872e-01
1.646000000000000000e+03	1.491676132641774621e-01
1.647000000000000000e+03	1.496593056070951167e-01
1.648000000000000000e+03	1.496941805630941091e-01
1.649000000000000000e+03	1.502019337441823643e-01
1.650000000000000000e+03	1.502893631456977408e-01
1.651000000000000000e+03	1.504765011407881437e-01
1.652000000000000000e+03	1.503796632188625915e-01
1.653000000000000000e+03	1.507937278513786505e-01
1.654000000000000000e+03	1.504995674998719501e-01
1.655000000000000000e+03	1.506543098726901009e-01
1.656000000000000000e+03	1.504807169869352979e-01
1.657000000000000000e+03	1.507361543394103998e-01
1.658000000000000000e+03	1.504337707774114075e-01
1.659000000000000000e+03	1.503446070789864197e-01
1.660000000000000000e+03	1.502075036421417209e-01
1.661000000000000000e+03	1.502034685457329100e-01
1.662000000000000000e+03	1.498513441575473892e-01
1.663000000000000000e+03	1.498889462623480828e-01
1.664000000000000000e+03	1.495802134172828646e-01
1.665000000000000000e+03	1.496605785393398391e-01
1.666000000000000000e+03	1.493482734904428844e-01
1.667000000000000000e+03	1.493672373432498868e-01
1.668000000000000000e+03	1.490849588175024165e-01
1.669000000000000000e+03	1.490431571799586130e-01
1.670000000000000000e+03	1.490809802819903496e-01
1.671000000000000000e+03	1.498818583893376799e-01
1.672000000000000000e+03	1.494828763774823099e-01
1.673000000000000000e+03	1.494791351278382252e-01
1.674000000000000000e+03	1.492183374423576014e-01
1.675000000000000000e+03	1.490555481739866128e-01
1.676000000000000000e+03	1.486066500998554640e-01
1.677000000000000000e+03	1.485176268278772527e-01
1.678000000000000000e+03	1.482248436738318742e-01
1.679000000000000000e+03	1.480978199070719648e-01
1.680000000000000000e+03	1.476473441501166828e-01
1.681000000000000000e+03	1.475292873299188512e-01
1.682000000000000000e+03	1.470275453118099762e-01
1.683000000000000000e+03	1.467654515380173441e-01
1.684000000000000000e+03	1.465117391696569293e-01
1.685000000000000000e+03	1.462511641578043142e-01
1.686000000000000000e+03	1.458287418491653609e-01
1.687000000000000000e+03	1.456118058535219029e-01
1.688000000000000000e+03	1.450936397313206117e-01
1.689000000000000000e+03	1.449739666818566086e-01
1.690000000000000000e+03	1.445086036195816770e-01
1.691000000000000000e+03	1.443506334286496773e-01
1.692000000000000000e+03	1.440568217768342651e-01
1.693000000000000000e+03	1.439118486237707106e-01
1.694000000000000000e+03	1.434231684590640821e-01
1.695000000000000000e+03	1.430945323710642036e-01
1.696000000000000000e+03	1.426615885710643961e-01
1.697000000000000000e+03	1.424093233665953695e-01
1.698000000000000000e+03	1.419858106625422889e-01
1.699000000000000000e+03	1.415009477637150237e-01
1.700000000000000000e+03	1.410236327088165986e-01
1.701000000000000000e+03	1.405865486579400414e-01
1.702000000000000000e+03	1.400184476139934298e-01
1.703000000000000000e+03	1.397646908000474697e-01
1.704000000000000000e+03	1.392938038814428847e-01
1.705000000000000000e+03	1.389981225071729443e-01
1.706000000000000000e+03	1.384127041173235928e-01
1.707000000000000000e+03	1.381390924796856434e-01
1.708000000000000000e+03	1.375399394189088798e-01
1.709000000000000000e+03	1.372775754993837138e-01
1.710000000000000000e+03	1.367292933689057688e-01
1.711000000000000000e+03	1.362568184296597540e-01
1.712000000000000000e+03	1.358371869220516837e-01
1.713000000000000000e+03	1.355199654305031809e-01
1.714000000000000000e+03	1.350598674425262102e-01
1.715000000000000000e+03	1.347607071668745771e-01
1.716000000000000000e+03	1.343345561526464449e-01
1.717000000000000000e+03	1.340297617073493985e-01
1.718000000000000000e+03	1.334179352752811465e-01
1.719000000000000000e+03	1.330680290840488555e-01
1.720000000000000000e+03	1.324357221029213161e-01
1.721000000000000000e+03	1.321207096319162999e-01
1.722000000000000000e+03	1.316736919828930263e-01
1.723000000000000000e+03	1.312750605318072916e-01
1.724000000000000000e+03	1.308871762258845828e-01
1.725000000000000000e+03	1.304772331669823981e-01
1.726000000000000000e+03	1.299698699771083543e-01
1.727000000000000000e+03	1.298593467997228301e-01
1.728000000000000000e+03	1.294374834088621584e-01
1.729000000000000000e+03	1.291064560294966912e-01
1.730000000000000000e+03	1.287391350969668558e-01
1.731000000000000000e+03	1.285944551731135199e-01
1.732000000000000000e+03	1.282538654271704603e-01
1.733000000000000000e+03	1.280281460390942372e-01
1.734000000000000000e+03	1.275504205442065109e-01
1.735000000000000000e+03	1.272712738868215510e-01
1.736000000000000000e+03	1.271764350517521902e-01
1.737000000000000000e+03	1.267098363242241121e-01
1.738000000000000000e+03	1.262604542837414412e-01
1.739000000000000000e+03	1.260476543318637399e-01
1.740000000000000000e+03	1.255223427426874205e-01
1.741000000000000000e+03	1.251093030186533339e-01
1.742000000000000000e+03	1.246960964513019604e-01
1.743000000000000000e+03	1.244050371646349823e-01
1.744000000000000000e+03	1.237773835168841374e-01
1.745000000000000000e+03	1.232136853381596286e-01
1.746000000000000000e+03	1.226754250095663662e-01
1.747000000000000000e+03	1.221665040338435759e-01
1.748000000000000000e+03	1.215391264329080817e-01
1.749000000000000000e+03	1.209854191981258875e-01
1.750000000000000000e+03	1.204290423117626713e-01
1.751000000000000000e+03	1.197830655171431974e-01
1.752000000000000000e+03	1.190254989956162635e-01
1.753000000000000000e+03	1.184561763356563741e-01
1.754000000000000000e+03	1.180223980111027304e-01
1.755000000000000000e+03	1.173979275582629211e-01
1.756000000000000000e+03	1.166483608719555698e-01
1.757000000000000000e+03	1.159771411310083489e-01
1.758000000000000000e+03	1.154447357678803632e-01
1.759000000000000000e+03	1.149124917496103931e-01
1.760000000000000000e+03	1.142326022567942828e-01
1.761000000000000000e+03	1.136440479571372980e-01
1.762000000000000000e+03	1.132932784880259502e-01
1.763000000000000000e+03	1.128241341469993775e-01
1.764000000000000000e+03	1.122632370534418916e-01
1.765000000000000000e+03	1.117924144304492523e-01
1.766000000000000000e+03	1.114307718609853504e-01
1.767000000000000000e+03	1.111165853046578722e-01
1.768000000000000000e+03	1.106514364776098880e-01
1.769000000000000000e+03	1.103152242356829904e-01
1.770000000000000000e+03	1.099723515037223792e-01
1.771000000000000000e+03	1.098123445986690927e-01
1.772000000000000000e+03	1.097653770380047772e-01
1.773000000000000000e+03	1.093211576863617890e-01
1.774000000000000000e+03	1.091548657256692090e-01
1.775000000000000000e+03	1.088813853853874275e-01
1.776000000000000000e+03	1.086624390996205058e-01
1.777000000000000000e+03	1.086792341906952231e-01
1.778000000000000000e+03	1.085621213308116811e-01
1.779000000000000000e+03	1.083289596838179492e-01
1.780000000000000000e+03	1.082048349640064300e-01
1.781000000000000000e+03	1.080089080818489033e-01
1.782000000000000000e+03	1.078135481059516870e-01
1.783000000000000000e+03	1.075758656990807999e-01
1.784000000000000000e+03	1.073911601024411799e-01
1.785000000000000000e+03	1.070573555457590836e-01
1.786000000000000000e+03	1.068722174720360962e-01
1.787000000000000000e+03	1.066021875211564246e-01
1.788000000000000000e+03	1.065465682252676044e-01
1.789000000000000000e+03	1.064664155965079767e-01
1.790000000000000000e+03	1.062994963186070785e-01
1.791000000000000000e+03	1.063525692736845274e-01
1.792000000000000000e+03	1.063224961800501439e-01
1.793000000000000000e+03	1.062555069166599975e-01
1.794000000000000000e+03	1.062273171885443346e-01
1.795000000000000000e+03	1.062600358191171379e-01
1.796000000000000000e+03	1.062152405779421965e-01
1.797000000000000000e+03	1.062922896215609259e-01
1.798000000000000000e+03	1.064958751602191750e-01
1.799000000000000000e+03	1.065733074301816879e-01
1.800000000000000000e+03	1.066137180231568060e-01
1.801000000000000000e+03	1.068247577228907119e-01
1.802000000000000000e+03	1.069543185075089997e-01
1.803000000000000000e+03	1.071014850822267495e-01
1.804000000000000000e+03	1.071833596276531297e-01
1.805000000000000000e+03	1.073531105281429060e-01
1.806000000000000000e+03	1.073732795165776160e-01
1.807000000000000000e+03	1.074592825770881582e-01
1.808000000000000000e+03	1.073370648843082892e-01
1.809000000000000000e+03	1.072896133451403944e-01
1.810000000000000000e+03	1.073304062352372218e-01
1.811000000000000000e+03	1.071329578398914351e-01
1.812000000000000000e+03	1.070631602799173299e-01
1.813000000000000000e+03	1.070762267887945401e-01
1.814000000000000000e+03	1.070681839046621203e-01
1.815000000000000000e+03	1.071575144311787547e-01
1.816000000000000000e+03	1.069954613598617654e-01
1.817000000000000000e+03	1.069943711965149480e-01
1.818000000000000000e+03	1.069246261514798096e-01
1.819000000000000000e+03	1.068790874983539807e-01
1.820000000000000000e+03	1.068815206123370637e-01
1.821000000000000000e+03	1.068738945672134261e-01
1.822000000000000000e+03	1.067972573714023182e-01
1.823000000000000000e+03	1.068405728108478281e-01
1.824000000000000000e+03	1.066913558877644330e-01
1.825000000000000000e+03	1.067974655972739606e-01
1.826000000000000000e+03	1.067237544989221992e-01
1.827000000000000000e+03	1.065251117339422321e-01
1.828000000000000000e+03	1.062429615912373199e-01
1.829000000000000000e+03	1.061200300796116269e-01
1.830000000000000000e+03	1.058537561454832854e-01
1.831000000000000000e+03	1.056558602149029330e-01
1.832000000000000000e+03	1.050254394887052134e-01
1.833000000000000000e+03	1.047406458081348024e-01
1.834000000000000000e+03	1.043786471546543082e-01
1.835000000000000000e+03	1.038601725881604237e-01
1.836000000000000000e+03	1.035089160682017562e-01
1.837000000000000000e+03	1.030710249558433184e-01
1.838000000000000000e+03	1.024887564079628444e-01
1.839000000000000000e+03	1.019504092384669880e-01
1.840000000000000000e+03	1.012714141829649389e-01
1.841000000000000000e+03	1.005109218810735228e-01
1.842000000000000000e+03	9.974965720636334854e-02
1.843000000000000000e+03	9.885691003377358732e-02
1.844000000000000000e+03	9.801183577199651387e-02
1.845000000000000000e+03	9.705204596454954091e-02
1.846000000000000000e+03	9.610417335693505203e-02
1.847000000000000000e+03	9.527618713627576674e-02
1.848000000000000000e+03	9.398646020983413008e-02
1.849000000000000000e+03	9.278034721391933970e-02
1.850000000000000000e+03	9.142549023315417467e-02
1.851000000000000000e+03	9.031794613477486799e-02
1.852000000000000000e+03	8.833809520203966814e-02
1.853000000000000000e+03	8.692277962612252051e-02
1.854000000000000000e+03	8.538763815391886558e-02
1.855000000000000000e+03	8.388280646162774024e-02
1.856000000000000000e+03	8.223622253990102438e-02
1.857000000000000000e+03	8.040694356578795277e-02
1.858000000000000000e+03	7.839164406282922437e-02
1.859000000000000000e+03	7.657941455936917441e-02
1.860000000000000000e+03	7.440248784559505557e-02
1.861000000000000000e+03	7.250891113602001004e-02
1.862000000000000000e+03	6.931660592789602726e-02
1.863000000000000000e+03	6.698776227637791292e-02
1.864000000000000000e+03	6.456545867934553040e-02
1.865000000000000000e+03	6.236604484522186020e-02
1.866000000000000000e+03	5.979779269910651118e-02
1.867000000000000000e+03	5.753891170340331290e-02
1.868000000000000000e+03	5.496408037858203921e-02
1.869000000000000000e+03	5.286189997297697368e-02
1.870000000000000000e+03	4.936109977252830378e-02
1.871000000000000000e+03	4.690151532244627580e-02
1.872000000000000000e+03	4.452635038578572207e-02
1.873000000000000000e+03	4.204925528246836186e-02
1.874000000000000000e+03	3.980113479643677954e-02
1.875000000000000000e+03	3.737003721727585881e-02
1.876000000000000000e+03	3.531065333249230886e-02
1.877000000000000000e+03	3.225310227802390128e-02
1.878000000000000000e+03	3.018204260176942516e-02
1.879000000000000000e+03	2.835729033011455402e-02
1.880000000000000000e+03	2.661440584550693600e-02
1.881000000000000000e+03	2.484789293703784652e-02
1.882000000000000000e+03	2.344101911893566731e-02
1.883000000000000000e+03	2.145597334276619361e-02
1.884000000000000000e+03	2.020179971519315762e-02
1.885000000000000000e+03	1.913873802089653339e-02
1.886000000000000000e+03	1.819506959172468782e-02
1.887000000000000000e+03	1.731464827405048909e-02
1.888000000000000000e+03	1.635339923861324485e-02
1.889000000000000000e+03	1.571889867753589048e-02
1.890000000000000000e+03	1.520724079993840232e-02
1.891000000000000000e+03	1.477113394239459518e-02
1.892000000000000000e+03	1.438324545559105556e-02
1.893000000000000000e+03	1.398201894360280237e-02
1.894000000000000000e+03	1.372367870225186734e-02
1.895000000000000000e+03	1.352530658531082147e-02
1.896000000000000000e+03	1.336061526071370513e-02
1.897000000000000000e+03	1.323985299258332270e-02
1.898000000000000000e+03	1.308135236209599303e-02
1.899000000000000000e+03	1.302018709017622143e-02
1.900000000000000000e+03	1.300356370408737444e-02
1.901000000000000000e+03	1.293238104584230191e-02
1.902000000000000000e+03	1.286269560711557867e-02
1.903000000000000000e+03	1.281411767972630462e-02
1.904000000000000000e+03	1.278049932655142724e-02
1.905000000000000000e+03	1.274833474712699574e-02
1.906000000000000000e+03	1.270556787464656619e-02
1.907000000000000000e+03	1.268097568217545906e-02
1.908000000000000000e+03	1.265397472035250867e-02
1.909000000000000000e+03	1.263605023731172346e-02
1.910000000000000000e+03	1.261000219284503371e-02
1.911000000000000000e+03	1.258662734834110897e-02
1.912000000000000000e+03	1.257012298751019642e-02
1.913000000000000000e+03	1.255025520021025090e-02
1.914000000000000000e+03	1.253354312166064626e-02
1.915000000000000000e+03	1.251604813278595768e-02
1.916000000000000000e+03	1.249979163978310812e-02
1.917000000000000000e+03	1.248442793963425515e-02
1.918000000000000000e+03	1.247285762210895849e-02
1.919000000000000000e+03	1.245971914722044695e-02
1.920000000000000000e+03	1.244650618077775342e-02
1.921000000000000000e+03	1.240931493848855018e-02
1.922000000000000000e+03	1.238610720058694672e-02
1.923000000000000000e+03	1.236318471240663470e-02
1.924000000000000000e+03	1.234732022974544506e-02
1.925000000000000000e+03	1.233012619994028683e-02
1.926000000000000000e+03	1.231689699362772950e-02
1.927000000000000000e+03	1.230560499811757420e-02
1.928000000000000000e+03	1.229971972231187760e-02
1.929000000000000000e+03	1.229014239817347899e-02
1.930000000000000000e+03	1.228101979322537667e-02
1.931000000000000000e+03	1.226729037820594066e-02
1.932000000000000000e+03	1.225738849669057336e-02
1.933000000000000000e+03	1.224410755087874947e-02
1.934000000000000000e+03	1.223686399392070329e-02
1.935000000000000000e+03	1.222397107569521413e-02
1.936000000000000000e+03	1.221793358599402267e-02
1.937000000000000000e+03	1.221256032773847949e-02
1.938000000000000000e+03	1.221092275996897743e-02
1.939000000000000000e+03	1.220534916101089634e-02
1.940000000000000000e+03	1.220122840016829927e-02
1.941000000000000000e+03	1.219702049409243649e-02
1.942000000000000000e+03	1.219738142791949517e-02
1.943000000000000000e+03	1.219548691948438811e-02
1.944000000000000000e+03	1.219735601480918460e-02
1.945000000000000000e+03	1.219479986729756979e-02
1.946000000000000000e+03	1.219646460221161105e-02
1.947000000000000000e+03	1.220192520550362342e-02
1.948000000000000000e+03	1.220177250200951517e-02
1.949000000000000000e+03	1.221055665705427125e-02
1.950000000000000000e+03	1.221197014844832215e-02
1.951000000000000000e+03	1.222049011414455370e-02
1.952000000000000000e+03	1.222924532501100565e-02
1.953000000000000000e+03	1.223469973676010424e-02
1.954000000000000000e+03	1.224877246932297263e-02
1.955000000000000000e+03	1.225645739832115048e-02
1.956000000000000000e+03	1.226132499906690786e-02
1.957000000000000000e+03	1.227322805330970101e-02
1.958000000000000000e+03	1.228466585368919242e-02
1.959000000000000000e+03	1.229695506084975756e-02
1.960000000000000000e+03	1.230705880662496914e-02
1.961000000000000000e+03	1.231466083700635469e-02
1.962000000000000000e+03	1.233776052064976259e-02
1.963000000000000000e+03	1.234700169649339055e-02
1.964000000000000000e+03	1.237096271948137823e-02
1.965000000000000000e+03	1.238390692584527553e-02
1.966000000000000000e+03	1.239902560662860254e-02
1.967000000000000000e+03	1.242177027526472285e-02
1.968000000000000000e+03	1.244491394283187870e-02
1.969000000000000000e+03	1.246964072868942709e-02
1.970000000000000000e+03	1.248659614208433126e-02
1.971000000000000000e+03	1.252124816942736148e-02
1.972000000000000000e+03	1.254387188180762676e-02
1.973000000000000000e+03	1.256070423844174791e-02
1.974000000000000000e+03	1.260384481067506821e-02
1.975000000000000000e+03	1.262793929632523467e-02
1.976000000000000000e+03	1.266956134330162430e-02
1.977000000000000000e+03	1.270095237968365057e-02
1.978000000000000000e+03	1.275618783029333798e-02
1.979000000000000000e+03	1.279024552119876340e-02
1.980000000000000000e+03	1.284108118982568367e-02
1.981000000000000000e+03	1.287232506301791250e-02
1.982000000000000000e+03	1.290166779561729461e-02
1.983000000000000000e+03	1.296197781318369699e-02
1.984000000000000000e+03	1.299546768819921476e-02
1.985000000000000000e+03	1.305134813733970119e-02
1.986000000000000000e+03	1.308872130678270275e-02
1.987000000000000000e+03	1.314433851155233715e-02
1.988000000000000000e+03	1.318672914066838092e-02
1.989000000000000000e+03	1.324877512502065438e-02
1.990000000000000000e+03	1.329569078034510687e-02
1.991000000000000000e+03	1.335704262816177039e-02
1.992000000000000000e+03	1.340475529494877631e-02
1.993000000000000000e+03	1.347662320613784645e-02
1.994000000000000000e+03	1.352817668846955160e-02
1.995000000000000000e+03	1.360106772183157162e-02
1.996000000000000000e+03	1.365115531320401643e-02
1.997000000000000000e+03	1.373058758482881281e-02
1.998000000000000000e+03	1.378614024483085058e-02
1.999000000000000000e+03	1.387450690609444426e-02
2.000000000000000000e+03	1.393256435338235781e-02
2.001000000000000000e+03	1.398981784684655283e-02
2.002000000000000000e+03	1.407901539389836039e-02
2.003000000000000000e+03	1.418301124645437658e-02
2.004000000000000000e+03	1.424124958375811920e-02
2.005000000000000000e+03	1.434190682179480036e-02
2.006000000000000000e+03	1.441143037215580035e-02
2.007000000000000000e+03	1.450988807124209065e-02
2.008000000000000000e+03	1.457848617859113308e-02
2.009000000000000000e+03	1.468339658279246493e-02
2.010000000000000000e+03	1.474932892745443522e-02
2.011000000000000000e+03	1.485860565740199438e-02
2.012000000000000000e+03	1.493261939610486706e-02
2.013000000000000000e+03	1.505558079885558481e-02
2.014000000000000000e+03	1.513083241349327465e-02
2.015000000000000000e+03	1.524947754023623508e-02
2.016000000000000000e+03	1.532950446959887442e-02
2.017000000000000000e+03	1.544808475014780406e-02
2.018000000000000000e+03	1.552251622206590222e-02
2.019000000000000000e+03	1.563976326893073282e-02
2.020000000000000000e+03	1.572440205495715185e-02
2.021000000000000000e+03	1.584869474482852869e-02
2.022000000000000000e+03	1.597192118054904450e-02
2.023000000000000000e+03	1.604588471822548240e-02
2.024000000000000000e+03	1.617776609074801641e-02
2.025000000000000000e+03	1.626178532820510628e-02
2.026000000000000000e+03	1.639142078159829333e-02
2.027000000000000000e+03	1.646495877412836040e-02
2.028000000000000000e+03	1.659480367795500635e-02
2.029000000000000000e+03	1.672704618516049346e-02
2.030000000000000000e+03	1.681411430194034926e-02
2.031000000000000000e+03	1.692723192230565984e-02
2.032000000000000000e+03	1.701972364157493256e-02
2.033000000000000000e+03	1.715211324183884764e-02
2.034000000000000000e+03	1.723463516099598900e-02
2.035000000000000000e+03	1.737335301694833273e-02
2.036000000000000000e+03	1.751637962171240237e-02
2.037000000000000000e+03	1.759509210219558847e-02
2.038000000000000000e+03	1.774761148069739849e-02
2.039000000000000000e+03	1.782849599378995634e-02
2.040000000000000000e+03	1.797089738685665739e-02
2.041000000000000000e+03	1.811666964738670518e-02
2.042000000000000000e+03	1.819568092239194287e-02
2.043000000000000000e+03	1.834455200848354381e-02
2.044000000000000000e+03	1.842606241990402474e-02
2.045000000000000000e+03	1.856901153432187479e-02
2.046000000000000000e+03	1.871294884845697143e-02
2.047000000000000000e+03	1.880111034566283451e-02
2.048000000000000000e+03	1.894842049724895436e-02
2.049000000000000000e+03	1.903530151010605909e-02
2.050000000000000000e+03	1.918258236489196744e-02
2.051000000000000000e+03	1.932631138314109057e-02
2.052000000000000000e+03	1.942090998087632470e-02
2.053000000000000000e+03	1.955844242614976358e-02
2.054000000000000000e+03	1.971879104244810693e-02
2.055000000000000000e+03	1.980565768442150293e-02
2.056000000000000000e+03	1.997711182993389470e-02
2.057000000000000000e+03	2.007629139054630321e-02
2.058000000000000000e+03	2.024946214257515933e-02
2.059000000000000000e+03	2.041979613077460343e-02
2.060000000000000000e+03	2.053200409726807507e-02
2.061000000000000000e+03	2.071155982587009892e-02
2.062000000000000000e+03	2.087951076753355450e-02
2.063000000000000000e+03	2.100233408355056328e-02
2.064000000000000000e+03	2.117066421232827525e-02
2.065000000000000000e+03	2.136876350418219495e-02
2.066000000000000000e+03	2.147060202328287745e-02
2.067000000000000000e+03	2.165235405067936214e-02
2.068000000000000000e+03	2.184051205063751097e-02
2.069000000000000000e+03	2.196152271877023499e-02
2.070000000000000000e+03	2.213734765819208236e-02
2.071000000000000000e+03	2.234194545159080142e-02
2.072000000000000000e+03	2.244525447348705641e-02
2.073000000000000000e+03	2.262656140057707835e-02
2.074000000000000000e+03	2.282070311448670952e-02
2.075000000000000000e+03	2.294959900975264769e-02
2.076000000000000000e+03	2.312782135064101949e-02
2.077000000000000000e+03	2.333815087321514103e-02
2.078000000000000000e+03	2.345645269515840223e-02
2.079000000000000000e+03	2.364429170900009605e-02
2.080000000000000000e+03	2.382705489286203807e-02
2.081000000000000000e+03	2.394808255758412718e-02
2.082000000000000000e+03	2.416374448725568808e-02
2.083000000000000000e+03	2.434980044624921250e-02
2.084000000000000000e+03	2.446488126746663300e-02
2.085000000000000000e+03	2.465401762289128051e-02
2.086000000000000000e+03	2.486707407544324136e-02
2.087000000000000000e+03	2.505763184268148050e-02
2.088000000000000000e+03	2.518740503339093884e-02
2.089000000000000000e+03	2.538854751671988652e-02
2.090000000000000000e+03	2.558562976503985648e-02
2.091000000000000000e+03	2.572535908608860125e-02
2.092000000000000000e+03	2.589351092438405347e-02
2.093000000000000000e+03	2.612374273113340223e-02
2.094000000000000000e+03	2.630654432022706823e-02
2.095000000000000000e+03	2.644241377190803891e-02
2.096000000000000000e+03	2.662124248560601009e-02
2.097000000000000000e+03	2.683159317420301740e-02
2.098000000000000000e+03	2.698027688297198468e-02
2.099000000000000000e+03	2.717378209420732993e-02
2.100000000000000000e+03	2.737110602532103615e-02
2.101000000000000000e+03	2.758503116272674818e-02
2.102000000000000000e+03	2.770864408032068169e-02
2.103000000000000000e+03	2.792676227964720204e-02
2.104000000000000000e+03	2.812119290201745697e-02
2.105000000000000000e+03	2.832701999061010625e-02
2.106000000000000000e+03	2.845685642309058946e-02
2.107000000000000000e+03	2.865605159868763602e-02
2.108000000000000000e+03	2.884821146746175194e-02
2.109000000000000000e+03	2.904829269048112006e-02
2.110000000000000000e+03	2.918254592473258635e-02
2.111000000000000000e+03	2.937445233988991711e-02
2.112000000000000000e+03	2.955395458890826277e-02
2.113000000000000000e+03	2.975649910845946933e-02
2.114000000000000000e+03	2.986122802299582754e-02
2.115000000000000000e+03	3.003517164167202047e-02
2.116000000000000000e+03	3.021910731395571065e-02
2.117000000000000000e+03	3.042571721113265446e-02
2.118000000000000000e+03	3.054477819937306132e-02
2.119000000000000000e+03	3.073721965752716431e-02
2.120000000000000000e+03	3.094374671932186016e-02
2.121000000000000000e+03	3.117869796784891040e-02
2.122000000000000000e+03	3.135694752522093232e-02
2.123000000000000000e+03	3.149354114640220276e-02
2.124000000000000000e+03	3.169248636042080319e-02
2.125000000000000000e+03	3.188337524561310476e-02
2.126000000000000000e+03	3.205980763601976730e-02
2.127000000000000000e+03	3.217974981405642698e-02
2.128000000000000000e+03	3.233924119008522308e-02
2.129000000000000000e+03	3.252352699780988038e-02
2.130000000000000000e+03	3.270184158368728139e-02
2.131000000000000000e+03	3.288101190317223310e-02
2.132000000000000000e+03	3.299787746404808653e-02
2.133000000000000000e+03	3.317575732591387244e-02
2.134000000000000000e+03	3.332277373482318839e-02
2.135000000000000000e+03	3.348557732384999097e-02
2.136000000000000000e+03	3.365232840407789139e-02
2.137000000000000000e+03	3.374513539178845140e-02
2.138000000000000000e+03	3.387716549269250560e-02
2.139000000000000000e+03	3.400959523422297098e-02
2.140000000000000000e+03	3.413385900925919314e-02
2.141000000000000000e+03	3.430096773092777829e-02
2.142000000000000000e+03	3.443242539553009046e-02
2.143000000000000000e+03	3.451594011052944166e-02
2.144000000000000000e+03	3.464387652866761369e-02
2.145000000000000000e+03	3.480045858528553471e-02
2.146000000000000000e+03	3.494744091817266612e-02
2.147000000000000000e+03	3.509343423105612536e-02
2.148000000000000000e+03	3.517021431839647411e-02
2.149000000000000000e+03	3.527691168142037259e-02
2.150000000000000000e+03	3.543449370164337281e-02
2.151000000000000000e+03	3.557853668893105892e-02
2.152000000000000000e+03	3.570452802734171843e-02
2.153000000000000000e+03	3.584016322990475623e-02
2.154000000000000000e+03	3.593522122031487381e-02
2.155000000000000000e+03	3.603969744575326317e-02
2.156000000000000000e+03	3.620202393728731705e-02
2.157000000000000000e+03	3.630229351831779777e-02
2.158000000000000000e+03	3.641899685742174680e-02
2.159000000000000000e+03	3.653732242318119550e-02
2.160000000000000000e+03	3.666656843548810746e-02
2.161000000000000000e+03	3.672168564507921618e-02
2.162000000000000000e+03	3.684878873432525376e-02
2.163000000000000000e+03	3.695875100378011313e-02
2.164000000000000000e+03	3.707608618219077057e-02
2.165000000000000000e+03	3.716377326316746416e-02
2.166000000000000000e+03	3.727729647170604371e-02
2.167000000000000000e+03	3.739756850377838615e-02
2.168000000000000000e+03	3.748604890502962861e-02
2.169000000000000000e+03	3.755789314958708769e-02
2.170000000000000000e+03	3.766207270021040138e-02
2.171000000000000000e+03	3.777070945615616793e-02
2.172000000000000000e+03	3.786850042622021822e-02
2.173000000000000000e+03	3.798451449498928961e-02
2.174000000000000000e+03	3.810523327435696994e-02
2.175000000000000000e+03	3.819063515225815802e-02
2.176000000000000000e+03	3.831483732879802789e-02
2.177000000000000000e+03	3.842131039946340698e-02
2.178000000000000000e+03	3.853156764978792059e-02
2.179000000000000000e+03	3.869526446180682200e-02
2.180000000000000000e+03	3.883004399629202963e-02
2.181000000000000000e+03	3.892334951727938197e-02
2.182000000000000000e+03	3.905447094327690882e-02
2.183000000000000000e+03	3.915591049468931245e-02
2.184000000000000000e+03	3.925793387248726479e-02
2.185000000000000000e+03	3.939903520614017329e-02
2.186000000000000000e+03	3.950613619366669799e-02
2.187000000000000000e+03	3.961357367046514089e-02
2.188000000000000000e+03	3.972945958754772050e-02
2.189000000000000000e+03	3.983045289277360040e-02
2.190000000000000000e+03	3.990787702844023760e-02
2.191000000000000000e+03	4.002496495011365757e-02
2.192000000000000000e+03	4.011191556268785263e-02
2.193000000000000000e+03	4.016974760973321401e-02
2.194000000000000000e+03	4.017963071410009246e-02
2.195000000000000000e+03	4.022198612115109040e-02
2.196000000000000000e+03	4.028511770589186108e-02
2.197000000000000000e+03	4.036465761714974620e-02
2.198000000000000000e+03	4.040377366297379091e-02
2.199000000000000000e+03	4.042298676689896897e-02
2.200000000000000000e+03	4.048677508710316758e-02
2.201000000000000000e+03	4.055053391346506025e-02
2.202000000000000000e+03	4.059425132656779844e-02
2.203000000000000000e+03	4.063392024012247444e-02
2.204000000000000000e+03	4.064880407638021137e-02
2.205000000000000000e+03	4.070512019235303369e-02
2.206000000000000000e+03	4.072031877879056516e-02
2.207000000000000000e+03	4.075928164427849304e-02
2.208000000000000000e+03	4.084492560754672541e-02
2.209000000000000000e+03	4.088934447477764189e-02
2.210000000000000000e+03	4.096718862217472307e-02
2.211000000000000000e+03	4.103507364103548688e-02
2.212000000000000000e+03	4.106441677948737684e-02
2.213000000000000000e+03	4.108650024067900253e-02
2.214000000000000000e+03	4.109939655706727757e-02
2.215000000000000000e+03	4.111728061959549207e-02
2.216000000000000000e+03	4.109204695361121790e-02
2.217000000000000000e+03	4.107103716426989404e-02
2.218000000000000000e+03	4.104664942133041949e-02
2.219000000000000000e+03	4.104241795822470562e-02
2.220000000000000000e+03	4.106751445742769929e-02
2.221000000000000000e+03	4.105591210364684801e-02
2.222000000000000000e+03	4.106843449324931034e-02
2.223000000000000000e+03	4.099405158689185813e-02
2.224000000000000000e+03	4.095219463986414510e-02
2.225000000000000000e+03	4.091560364813846828e-02
2.226000000000000000e+03	4.082184613897210657e-02
2.227000000000000000e+03	4.072845095452715114e-02
2.228000000000000000e+03	4.064258412711939383e-02
2.229000000000000000e+03	4.052519438249248263e-02
2.230000000000000000e+03	4.039201265944052793e-02
2.231000000000000000e+03	4.030834430184756373e-02
2.232000000000000000e+03	4.018038114692905338e-02
2.233000000000000000e+03	4.000868200317084927e-02
2.234000000000000000e+03	3.990226283662153678e-02
2.235000000000000000e+03	3.974457604147295375e-02
2.236000000000000000e+03	3.956011252182876220e-02
2.237000000000000000e+03	3.933785328747080312e-02
2.238000000000000000e+03	3.914047724465533062e-02
2.239000000000000000e+03	3.891902612850143411e-02
2.240000000000000000e+03	3.867190935728832130e-02
2.241000000000000000e+03	3.842626174172539266e-02
2.242000000000000000e+03	3.818678820408043240e-02
2.243000000000000000e+03	3.790121596260122988e-02
2.244000000000000000e+03	3.763408211938742282e-02
2.245000000000000000e+03	3.736995858047789665e-02
2.246000000000000000e+03	3.707972088500607888e-02
2.247000000000000000e+03	3.681771761063631909e-02
2.248000000000000000e+03	3.654749253907257911e-02
2.249000000000000000e+03	3.627686419984647859e-02
2.250000000000000000e+03	3.601381876332834797e-02
2.251000000000000000e+03	3.575366499446909485e-02
2.252000000000000000e+03	3.550551571818062052e-02
2.253000000000000000e+03	3.515917687941397252e-02
2.254000000000000000e+03	3.491156377865126809e-02
2.255000000000000000e+03	3.461584540400758359e-02
2.256000000000000000e+03	3.435336198275822789e-02
2.257000000000000000e+03	3.410622185459780825e-02
2.258000000000000000e+03	3.386701058334279368e-02
2.259000000000000000e+03	3.361039240006276352e-02
2.260000000000000000e+03	3.336014853585556050e-02
2.261000000000000000e+03	3.307704970376361409e-02
2.262000000000000000e+03	3.285683706933366366e-02
2.263000000000000000e+03	3.261505224363805272e-02
2.264000000000000000e+03	3.234263092696122721e-02
2.265000000000000000e+03	3.210470050433462952e-02
2.266000000000000000e+03	3.188007227576925007e-02
2.267000000000000000e+03	3.165267986334825007e-02
2.268000000000000000e+03	3.141025261391989370e-02
2.269000000000000000e+03	3.118321154129429298e-02
2.270000000000000000e+03	3.096421135737588079e-02
2.271000000000000000e+03	3.078169138282607284e-02
2.272000000000000000e+03	3.059076912877475157e-02
2.273000000000000000e+03	3.039494633669506327e-02
2.274000000000000000e+03	3.012813003533382564e-02
2.275000000000000000e+03	2.995398702534483176e-02
2.276000000000000000e+03	2.974476568208751087e-02
2.277000000000000000e+03	2.957774762713461653e-02
2.278000000000000000e+03	2.939477302273369591e-02
2.279000000000000000e+03	2.921591032628461510e-02
2.280000000000000000e+03	2.906486550649583361e-02
2.281000000000000000e+03	2.888731402226689046e-02
2.282000000000000000e+03	2.868730195680321837e-02
2.283000000000000000e+03	2.852041521953079320e-02
2.284000000000000000e+03	2.831333444696401691e-02
2.285000000000000000e+03	2.811700402748864777e-02
2.286000000000000000e+03	2.792432342230012285e-02
2.287000000000000000e+03	2.765228448265971695e-02
2.288000000000000000e+03	2.744571192966788198e-02
2.289000000000000000e+03	2.724399149042084495e-02
2.290000000000000000e+03	2.701805329747117984e-02
2.291000000000000000e+03	2.685188187153926195e-02
2.292000000000000000e+03	2.664314884144336135e-02
2.293000000000000000e+03	2.648671694432364748e-02
2.294000000000000000e+03	2.630055221157833606e-02
2.295000000000000000e+03	2.613881087620851043e-02
2.296000000000000000e+03	2.595059048498960311e-02
2.297000000000000000e+03	2.580916146157662475e-02
2.298000000000000000e+03	2.553959678564883193e-02
2.299000000000000000e+03	2.540842422328479233e-02
2.300000000000000000e+03	2.522759995627484389e-02
2.301000000000000000e+03	2.507847204378506334e-02
2.302000000000000000e+03	2.489201314563976516e-02
2.303000000000000000e+03	2.475941041551518729e-02
2.304000000000000000e+03	2.460050375719071564e-02
2.305000000000000000e+03	2.449384597707036579e-02
2.306000000000000000e+03	2.422923474516953946e-02
2.307000000000000000e+03	2.412378707742908121e-02
2.308000000000000000e+03	2.400262748300195301e-02
2.309000000000000000e+03	2.387604633352753344e-02
2.310000000000000000e+03	2.375390022474905063e-02
2.311000000000000000e+03	2.366479153588621487e-02
2.312000000000000000e+03	2.352936252189063299e-02
2.313000000000000000e+03	2.345043589625106159e-02
2.314000000000000000e+03	2.322786070370600267e-02
2.315000000000000000e+03	2.317076439172436816e-02
2.316000000000000000e+03	2.305060841161688662e-02
2.317000000000000000e+03	2.295729708644143191e-02
2.318000000000000000e+03	2.284819583837046503e-02
2.319000000000000000e+03	2.276385513699454716e-02
2.320000000000000000e+03	2.264467113688756542e-02
2.321000000000000000e+03	2.255716165749937357e-02
2.322000000000000000e+03	2.233331389996523822e-02
2.323000000000000000e+03	2.225398991862905657e-02
2.324000000000000000e+03	2.213411756654147869e-02
2.325000000000000000e+03	2.200435382629141109e-02
2.326000000000000000e+03	2.189435806543757815e-02
2.327000000000000000e+03	2.180119303956661037e-02
2.328000000000000000e+03	2.156283499563219769e-02
2.329000000000000000e+03	2.146846178718195275e-02
2.330000000000000000e+03	2.133955756590561609e-02
2.331000000000000000e+03	2.121569353948746933e-02
2.332000000000000000e+03	2.108251045369819582e-02
2.333000000000000000e+03	2.094915074028646032e-02
2.334000000000000000e+03	2.082916847385673370e-02
2.335000000000000000e+03	2.059836111784002846e-02
2.336000000000000000e+03	2.048159149995792613e-02
2.337000000000000000e+03	2.035993585767937805e-02
2.338000000000000000e+03	2.023064843304114499e-02
2.339000000000000000e+03	2.012590141164709648e-02
2.340000000000000000e+03	1.988987406957050050e-02
2.341000000000000000e+03	1.979628208363677644e-02
2.342000000000000000e+03	1.967030251558238643e-02
2.343000000000000000e+03	1.956143608605907108e-02
2.344000000000000000e+03	1.944939551394480812e-02
2.345000000000000000e+03	1.934514387787176007e-02
2.346000000000000000e+03	1.916414011356360261e-02
2.347000000000000000e+03	1.907449415006063145e-02
2.348000000000000000e+03	1.897386966133461639e-02
2.349000000000000000e+03	1.888816230170388411e-02
2.350000000000000000e+03	1.880033283865227903e-02
2.351000000000000000e+03	1.861396338185731386e-02
2.352000000000000000e+03	1.855109058940435096e-02
2.353000000000000000e+03	1.846535078416521730e-02
2.354000000000000000e+03	1.836014483399586728e-02
2.355000000000000000e+03	1.827405798434175721e-02
2.356000000000000000e+03	1.820262908018244544e-02
2.357000000000000000e+03	1.802165410555335232e-02
2.358000000000000000e+03	1.794975491035178533e-02
2.359000000000000000e+03	1.787494374190749455e-02
2.360000000000000000e+03	1.778084307725441571e-02
2.361000000000000000e+03	1.770597910385106333e-02
2.362000000000000000e+03	1.751604899450854083e-02
2.363000000000000000e+03	1.744851425897910729e-02
2.364000000000000000e+03	1.737009529125539339e-02
2.365000000000000000e+03	1.729887310615542753e-02
2.366000000000000000e+03	1.712589850665495808e-02
2.367000000000000000e+03	1.705594778941145473e-02
2.368000000000000000e+03	1.696099675108433263e-02
2.369000000000000000e+03	1.686197130012009882e-02
2.370000000000000000e+03	1.678611312541638395e-02
2.371000000000000000e+03	1.662102645728879419e-02
2.372000000000000000e+03	1.654216113239654132e-02
2.373000000000000000e+03	1.645642368200052677e-02
2.374000000000000000e+03	1.639283218985998491e-02
2.375000000000000000e+03	1.621647894047553370e-02
2.376000000000000000e+03	1.616903587887500923e-02
2.377000000000000000e+03	1.607998478975281378e-02
2.378000000000000000e+03	1.598999234045480472e-02
2.379000000000000000e+03	1.593622983446198182e-02
2.380000000000000000e+03	1.577474841729647331e-02
2.381000000000000000e+03	1.570700960036016877e-02
2.382000000000000000e+03	1.561525074313956790e-02
2.383000000000000000e+03	1.555077883326661491e-02
2.384000000000000000e+03	1.540590643403304434e-02
2.385000000000000000e+03	1.532887663683343837e-02
2.386000000000000000e+03	1.525240546296320956e-02
2.387000000000000000e+03	1.518360121560597027e-02
2.388000000000000000e+03	1.504775231645889486e-02
2.389000000000000000e+03	1.496928972333747866e-02
2.390000000000000000e+03	1.489131587587042178e-02
2.391000000000000000e+03	1.482000551058654074e-02
2.392000000000000000e+03	1.468890443279781757e-02
2.393000000000000000e+03	1.461771438102007180e-02
2.394000000000000000e+03	1.454962735193340677e-02
2.395000000000000000e+03	1.448536838297146724e-02
2.396000000000000000e+03	1.436225630579519852e-02
2.397000000000000000e+03	1.430272494948360562e-02
2.398000000000000000e+03	1.423303657063688075e-02
2.399000000000000000e+03	1.417748702581704025e-02
2.400000000000000000e+03	1.405345044080743080e-02
2.401000000000000000e+03	1.399359152977581490e-02
2.402000000000000000e+03	1.392174067090013075e-02
2.403000000000000000e+03	1.387032249168905496e-02
2.404000000000000000e+03	1.373821386904874181e-02
2.405000000000000000e+03	1.367899077909843185e-02
2.406000000000000000e+03	1.361749701642339140e-02
2.407000000000000000e+03	1.350169904194463075e-02
2.408000000000000000e+03	1.344004836014724320e-02
2.409000000000000000e+03	1.338088912321551416e-02
2.410000000000000000e+03	1.332154999026115283e-02
2.411000000000000000e+03	1.321915150854841015e-02
2.412000000000000000e+03	1.315796966241437362e-02
2.413000000000000000e+03	1.309210910868026032e-02
2.414000000000000000e+03	1.298964583698352000e-02
2.415000000000000000e+03	1.293239650844545813e-02
2.416000000000000000e+03	1.286651694050966292e-02
2.417000000000000000e+03	1.281187561720370689e-02
2.418000000000000000e+03	1.270797572748531834e-02
2.419000000000000000e+03	1.265697203949704697e-02
2.420000000000000000e+03	1.259625187300761687e-02
2.421000000000000000e+03	1.249939306931960488e-02
2.422000000000000000e+03	1.244081151713584237e-02
2.423000000000000000e+03	1.238729360058911030e-02
2.424000000000000000e+03	1.233424646759472346e-02
2.425000000000000000e+03	1.223529802960664561e-02
2.426000000000000000e+03	1.218686673582133721e-02
2.427000000000000000e+03	1.213607753355971930e-02
2.428000000000000000e+03	1.204609950990529962e-02
2.429000000000000000e+03	1.199797715347356193e-02
2.430000000000000000e+03	1.193958446337275298e-02
2.431000000000000000e+03	1.185743315690288881e-02
2.432000000000000000e+03	1.180929074027574355e-02
2.433000000000000000e+03	1.176361671767010668e-02
2.434000000000000000e+03	1.171936959201630782e-02
2.435000000000000000e+03	1.163908363377476503e-02
2.436000000000000000e+03	1.159072753376806826e-02
2.437000000000000000e+03	1.154792194483890769e-02
2.438000000000000000e+03	1.147210266011622348e-02
2.439000000000000000e+03	1.143029013721025625e-02
2.440000000000000000e+03	1.139052615369550575e-02
2.441000000000000000e+03	1.131785659043501799e-02
2.442000000000000000e+03	1.127892560563715889e-02
2.443000000000000000e+03	1.124117104355027222e-02
2.444000000000000000e+03	1.116693524199465978e-02
2.445000000000000000e+03	1.112830261764110630e-02
2.446000000000000000e+03	1.109348176236266310e-02
2.447000000000000000e+03	1.103109697381506743e-02
2.448000000000000000e+03	1.099072429232521818e-02
2.449000000000000000e+03	1.095827648538772077e-02
2.450000000000000000e+03	1.089869248334258446e-02
2.451000000000000000e+03	1.086473222459925086e-02
2.452000000000000000e+03	1.083024568894843873e-02
2.453000000000000000e+03	1.076908941579020687e-02
2.454000000000000000e+03	1.073572291252355461e-02
2.455000000000000000e+03	1.070781080976428851e-02
2.456000000000000000e+03	1.065314623167611281e-02
2.457000000000000000e+03	1.062750528759489124e-02
2.458000000000000000e+03	1.059716892430487972e-02
2.459000000000000000e+03	1.054770998199835302e-02
2.460000000000000000e+03	1.052277596381961076e-02
2.461000000000000000e+03	1.049738239978008532e-02
2.462000000000000000e+03	1.045327123339977876e-02
2.463000000000000000e+03	1.042884540637483912e-02
2.464000000000000000e+03	1.040872710041421990e-02
2.465000000000000000e+03	1.037146968774865959e-02
2.466000000000000000e+03	1.035099513217979834e-02
2.467000000000000000e+03	1.031673380239720057e-02
2.468000000000000000e+03	1.029864649672327000e-02
2.469000000000000000e+03	1.028343115567048778e-02
2.470000000000000000e+03	1.025081266955761398e-02
2.471000000000000000e+03	1.023758357833545567e-02
2.472000000000000000e+03	1.022321788126201274e-02
2.473000000000000000e+03	1.019237562540982987e-02
2.474000000000000000e+03	1.017872648798196986e-02
2.475000000000000000e+03	1.016626045140849727e-02
2.476000000000000000e+03	1.014140716567666148e-02
2.477000000000000000e+03	1.013238647898785996e-02
2.478000000000000000e+03	1.010874853267073811e-02
2.479000000000000000e+03	1.009826814746258433e-02
2.480000000000000000e+03	1.008615785019624858e-02
2.481000000000000000e+03	1.007116529583939289e-02
2.482000000000000000e+03	1.006631415848599845e-02
2.483000000000000000e+03	1.006026763156148141e-02
2.484000000000000000e+03	1.004608945356199809e-02
2.485000000000000000e+03	1.003610257159924871e-02
2.486000000000000000e+03	1.001292561600277548e-02
2.487000000000000000e+03	1.001318267768919537e-02
2.488000000000000000e+03	1.000833945986836539e-02
2.489000000000000000e+03	9.989738094646236771e-03
2.490000000000000000e+03	9.988213513397245849e-03
2.491000000000000000e+03	9.984186760981283992e-03
2.492000000000000000e+03	9.980995611414477525e-03
2.493000000000000000e+03	9.979075544880547377e-03
2.494000000000000000e+03	9.978309005022549527e-03
2.495000000000000000e+03	9.979175168677556149e-03
2.496000000000000000e+03	9.982640387269351226e-03
2.497000000000000000e+03	9.979857515514910238e-03
2.498000000000000000e+03	9.983315559121295688e-03
2.499000000000000000e+03	9.980290431380331798e-03
2.500000000000000000e+03	9.985794144482369739e-03
